,Seed,K,N,BST_height,WT_height,BST_mem,BST_optmem,WT_mem,WT_oldmem
0,1640314407,32,50,12,1,1208,936,1112,1304
1,1640314407,32,1000,26,2,24032,18528,15760,21280
2,1640314407,32,2000,28,3,48032,37232,35944,49256
3,1640314407,32,3000,28,3,72032,56048,51488,72896
4,1640314407,32,4000,29,3,96032,74448,63944,95096
5,1640314407,32,5000,30,3,120032,93392,76176,116384
6,1640314407,32,6000,31,4,144032,112240,88976,138192
7,1640314407,32,7000,32,4,168032,130784,99472,158096
8,1640314407,32,8000,32,4,192032,149280,110440,180680
9,1640314407,32,9000,33,4,216032,168176,121584,200400
10,1640314407,32,10000,33,4,240008,186872,132320,221216
11,1640314407,32,11000,33,4,264008,205560,143096,241016
12,1640314407,32,12000,34,4,288008,224536,156288,260928
13,1640314407,32,13000,34,4,312008,243000,170912,287184
14,1640314407,32,14000,34,4,336008,261432,181944,308184
15,1640314407,32,15000,34,4,359984,279728,197928,331272
16,1640314407,32,16000,34,4,383984,298624,211360,352416
17,1640314407,32,17000,35,4,407984,317072,226464,375856
18,1640314407,32,18000,36,5,431984,335472,244672,399776
19,1640314407,32,19000,36,5,455984,354416,262544,422688
20,1640314407,32,20000,36,5,479984,373152,282160,445104
21,1640314407,32,21000,36,5,503984,391792,298512,469568
22,1640314407,32,22000,37,5,527984,410304,316632,492536
23,1640314407,32,23000,37,5,551984,428960,334424,516296
24,1640314407,32,24000,37,5,575984,447984,353192,538696
25,1640314407,32,25000,37,5,599936,466832,368648,564968
26,1640314407,32,26000,37,5,623936,485584,387944,592664
27,1640314407,32,27000,37,5,647936,504048,404560,613936
28,1640314407,32,28000,37,5,671936,522624,423832,640216
29,1640314407,32,29000,37,5,695888,541120,437536,664288
30,1640314407,32,30000,37,5,719888,559472,452384,685440
31,1640314407,32,31000,37,5,743888,578208,468528,705440
32,1640314407,32,32000,37,5,767816,597064,485168,726592
33,1640314407,32,33000,37,5,791816,615592,508872,750568
34,1640314407,32,34000,37,5,815816,634120,522008,771528
35,1640314407,32,35000,37,5,839792,653216,543928,798792
36,1640314407,32,36000,37,5,863768,672104,564992,826464
37,1640314407,32,37000,37,5,887744,690864,585768,851192
38,1640314407,32,38000,37,5,911744,709216,606480,877440
39,1640314407,32,39000,37,5,935744,727872,622368,899696
40,1640314407,32,40000,38,5,959744,746928,642744,931288
41,1640314407,32,41000,38,5,983744,765776,661216,953488
42,1640314407,32,42000,38,5,1007720,784536,678616,975032
43,1640314407,32,43000,38,6,1031720,803096,700952,1000552
44,1640314407,32,44000,38,6,1055696,821920,719496,1028584
45,1640314407,32,45000,38,6,1079696,840624,736328,1053784
46,1640314407,32,46000,38,6,1103696,859024,752696,1082024
47,1640314407,32,47000,38,6,1127648,877744,767600,1105104
48,1640314407,32,48000,38,6,1151648,896528,782032,1126992
49,1640314407,32,49000,38,6,1175648,915056,797296,1149728
50,1640314407,32,50000,38,6,1199600,933280,814648,1174712
51,1640314407,32,51000,38,6,1223552,951904,831264,1197184
52,1640314407,32,52000,38,6,1247552,970800,849200,1219888
53,1640314407,32,53000,38,6,1271528,989144,865872,1242176
54,1640314407,32,54000,39,6,1295504,1007808,881952,1267840
55,1640314407,32,55000,39,6,1319504,1026480,896856,1290680
56,1640314407,32,56000,39,6,1343504,1045200,912832,1315536
57,1640314407,32,57000,39,6,1367480,1064408,927608,1337224
58,1640314407,32,58000,39,6,1391456,1083328,942352,1359392
59,1640314407,32,59000,39,6,1415456,1102416,959720,1380968
60,1640314407,32,60000,39,6,1439456,1120992,976608,1402112
61,1640314407,32,61000,39,6,1463432,1139688,993072,1426224
62,1640314407,32,62000,39,6,1487432,1158248,1007848,1449752
63,1640314407,32,63000,40,6,1511384,1177160,1029144,1475784
64,1640314407,32,64000,40,6,1535360,1195872,1046984,1501064
65,1640314407,32,65000,40,6,1559336,1214472,1062240,1520576
66,1640314407,32,66000,40,6,1583336,1232936,1079304,1545048
67,1640314407,32,67000,40,6,1607312,1251792,1094008,1568936
68,1640314407,32,68000,40,6,1631312,1270288,1109600,1591408
69,1640314407,32,69000,40,6,1655312,1288544,1123272,1614392
70,1640314407,32,70000,40,7,1679312,1306880,1138264,1641208
71,1640314407,32,71000,40,7,1703312,1325424,1155584,1668208
72,1640314407,32,72000,40,7,1727288,1343880,1171568,1690224
73,1640314407,32,73000,41,7,1751288,1362856,1187192,1714360
74,1640314407,32,74000,42,7,1775264,1381600,1201952,1737104
75,1640314407,32,75000,42,7,1799264,1400528,1217544,1761448
76,1640314407,32,76000,42,7,1823216,1419136,1234144,1785648
77,1640314407,32,77000,42,7,1847192,1437976,1246288,1808800
78,1640314407,32,78000,42,7,1871144,1456472,1265496,1834776
79,1640314407,32,79000,42,7,1895144,1474920,1280168,1856520
80,1640314407,32,80000,42,7,1919144,1494296,1295600,1880944
81,1640314407,32,81000,42,7,1943120,1513040,1309096,1903192
82,1640314407,32,82000,42,7,1967096,1531976,1321576,1923064
83,1640314407,32,83000,42,7,1991096,1550536,1335760,1947600
84,1640314407,32,84000,42,7,2015096,1569288,1350168,1971208
85,1640314407,32,85000,42,7,2039072,1588160,1363344,1992960
86,1640314407,32,86000,42,7,2063072,1606784,1378016,2017232
87,1640314407,32,87000,42,7,2087072,1625424,1389440,2038128
88,1640314407,32,88000,42,7,2111048,1643944,1401568,2060688
89,1640314407,32,89000,42,7,2135000,1662728,1417112,2082728
90,1640314407,32,90000,42,7,2159000,1681208,1432048,2104800
91,1640314407,32,91000,42,7,2182928,1700160,1447312,2129856
92,1640314407,32,92000,42,7,2206928,1718720,1459792,2152592
93,1640314407,32,93000,42,7,2230928,1737312,1470872,2173032
94,1640314407,32,94000,42,7,2254928,1755712,1486216,2196664
95,1640314407,32,95000,42,7,2278904,1774456,1498800,2217312
96,1640314407,32,96000,42,7,2302904,1792984,1513216,2244000
97,1640314407,32,97000,42,7,2326904,1811624,1528248,2267496
98,1640314407,32,98000,42,7,2350904,1830216,1543056,2288896
99,1640314407,32,99000,42,7,2374832,1848912,1559272,2313496
100,1640314408,32,50,9,1,1208,936,1232,1304
101,1640314408,32,1000,23,2,24032,18720,17400,21280
102,1640314408,32,2000,26,2,48032,37520,35392,49256
103,1640314408,32,3000,27,3,72032,56256,50184,72896
104,1640314408,32,4000,28,3,96032,74928,62096,95096
105,1640314408,32,5000,29,3,120032,93408,74600,116384
106,1640314408,32,6000,31,3,144032,112016,89080,138192
107,1640314408,32,7000,31,3,168032,130400,100920,158096
108,1640314408,32,8000,31,3,192032,148960,111864,180680
109,1640314408,32,9000,32,4,216008,167496,128712,200400
110,1640314408,32,10000,32,4,240008,186488,144776,221216
111,1640314408,32,11000,32,4,264008,205096,163544,241016
112,1640314408,32,12000,33,4,287984,223568,175328,260928
113,1640314408,32,13000,33,4,311960,242248,189128,287184
114,1640314408,32,14000,34,4,335960,260568,203488,308184
115,1640314408,32,15000,34,4,359960,279240,217224,331272
116,1640314408,32,16000,34,4,383960,298584,237664,352416
117,1640314408,32,17000,34,4,407960,317368,251600,375856
118,1640314408,32,18000,34,4,431936,336080,266592,399776
119,1640314408,32,19000,34,4,455936,354640,278840,422688
120,1640314408,32,20000,34,4,479912,373208,294376,445104
121,1640314408,32,21000,34,4,503912,392040,312656,469568
122,1640314408,32,22000,34,4,527912,410504,326920,492536
123,1640314408,32,23000,35,4,551912,429496,339584,516296
124,1640314408,32,24000,35,4,575912,448312,354688,538696
125,1640314408,32,25000,36,4,599864,466744,370360,564968
126,1640314408,32,26000,36,4,623864,485352,385608,592664
127,1640314408,32,27000,36,4,647840,504416,404296,613936
128,1640314408,32,28000,36,4,671840,522960,420232,640216
129,1640314408,32,29000,37,4,695840,541392,435064,664288
130,1640314408,32,30000,37,4,719816,560376,450624,685440
131,1640314408,32,31000,37,4,743816,578968,466832,705440
132,1640314408,32,32000,38,5,767792,597488,480704,726592
133,1640314408,32,33000,38,5,791792,615824,497432,750568
134,1640314408,32,34000,38,5,815792,634720,513064,771528
135,1640314408,32,35000,38,5,839792,653408,537112,798792
136,1640314408,32,36000,38,5,863792,671648,554872,826464
137,1640314408,32,37000,38,5,887744,690592,571952,851192
138,1640314408,32,38000,38,5,911744,709216,589184,877440
139,1640314408,32,39000,38,5,935744,727952,607496,899696
140,1640314408,32,40000,38,5,959720,746712,620728,931288
141,1640314408,32,41000,38,5,983696,765472,635744,953488
142,1640314408,32,42000,39,5,1007672,784152,652720,975032
143,1640314408,32,43000,39,5,1031648,802752,673144,1000552
144,1640314408,32,44000,39,5,1055648,821568,691040,1028584
145,1640314408,32,45000,39,5,1079600,839840,706784,1053784
146,1640314408,32,46000,39,5,1103552,858272,721480,1082024
147,1640314408,32,47000,39,5,1127552,877008,737888,1105104
148,1640314408,32,48000,39,5,1151528,895688,751632,1126992
149,1640314408,32,49000,39,5,1175528,914024,767296,1149728
150,1640314408,32,50000,39,5,1199528,932920,782040,1174712
151,1640314408,32,51000,39,5,1223528,951624,798608,1197184
152,1640314408,32,52000,39,5,1247528,970328,813912,1219888
153,1640314408,32,53000,39,5,1271504,988880,827040,1242176
154,1640314408,32,54000,39,5,1295480,1007528,841328,1267840
155,1640314408,32,55000,39,5,1319480,1026232,856304,1290680
156,1640314408,32,56000,39,5,1343384,1045080,870096,1315536
157,1640314408,32,57000,39,5,1367384,1063960,884656,1337224
158,1640314408,32,58000,39,5,1391360,1082496,899624,1359392
159,1640314408,32,59000,39,5,1415336,1101256,914008,1380968
160,1640314408,32,60000,39,5,1439336,1119752,929480,1402112
161,1640314408,32,61000,39,5,1463312,1138704,946144,1426224
162,1640314408,32,62000,39,5,1487288,1157512,961056,1449752
163,1640314408,32,63000,39,5,1511288,1176344,977072,1475784
164,1640314408,32,64000,39,5,1535240,1194744,990280,1501064
165,1640314408,32,65000,39,5,1559216,1213216,1006848,1520576
166,1640314408,32,66000,39,6,1583144,1231560,1025416,1545048
167,1640314408,32,67000,39,6,1607072,1249904,1041328,1568936
168,1640314408,32,68000,39,6,1631048,1268328,1055096,1591408
169,1640314408,32,69000,39,6,1655048,1287576,1070928,1614392
170,1640314408,32,70000,39,6,1678976,1305968,1087616,1641208
171,1640314408,32,71000,39,6,1702952,1325080,1100664,1668208
172,1640314408,32,72000,39,6,1726856,1343784,1112872,1690224
173,1640314408,32,73000,39,6,1750856,1362136,1126232,1714360
174,1640314408,32,74000,39,6,1774832,1380768,1142224,1737104
175,1640314408,32,75000,39,6,1798808,1399144,1156504,1761448
176,1640314408,32,76000,39,6,1822760,1417832,1172120,1785648
177,1640314408,32,77000,39,6,1846736,1436496,1186104,1808800
178,1640314408,32,78000,39,6,1870736,1455120,1199720,1834776
179,1640314408,32,79000,39,6,1894736,1473376,1214432,1856520
180,1640314408,32,80000,39,6,1918688,1492080,1229064,1880944
181,1640314408,32,81000,39,6,1942688,1510784,1242336,1903192
182,1640314408,32,82000,39,6,1966664,1529176,1253792,1923064
183,1640314408,32,83000,39,6,1990664,1547496,1270448,1947600
184,1640314408,32,84000,39,6,2014616,1566232,1283416,1971208
185,1640314408,32,85000,39,6,2038592,1584752,1297600,1992960
186,1640314408,32,86000,39,6,2062592,1603216,1311008,2017232
187,1640314408,32,87000,39,6,2086592,1622432,1324528,2038128
188,1640314408,32,88000,39,6,2110592,1640912,1339576,2060688
189,1640314408,32,89000,39,6,2134592,1659552,1354184,2082728
190,1640314408,32,90000,40,6,2158592,1678208,1369248,2104800
191,1640314408,32,91000,40,6,2182544,1696608,1381472,2129856
192,1640314408,32,92000,40,6,2206496,1714944,1396640,2152592
193,1640314408,32,93000,40,6,2230496,1733824,1409480,2173032
194,1640314408,32,94000,40,6,2254496,1752560,1423208,2196664
195,1640314408,32,95000,40,6,2278496,1771264,1435352,2217312
196,1640314408,32,96000,40,6,2302448,1790464,1448080,2244000
197,1640314408,32,97000,40,6,2326448,1808992,1461888,2267496
198,1640314408,32,98000,40,6,2350400,1827312,1476976,2288896
199,1640314408,32,99000,40,6,2374400,1846064,1492968,2313496
200,1640314409,32,50,10,1,1208,952,1112,1440
201,1640314409,32,1000,23,2,24032,18672,15816,22552
202,1640314409,32,2000,26,2,48032,37520,39416,48624
203,1640314409,32,3000,28,3,72032,56080,51632,71896
204,1640314409,32,4000,29,3,96032,74720,62872,94928
205,1640314409,32,5000,30,3,120032,93296,73184,116392
206,1640314409,32,6000,30,3,144032,111792,82960,138456
207,1640314409,32,7000,30,3,168032,130784,91744,158648
208,1640314409,32,8000,30,3,192032,149216,104552,179240
209,1640314409,32,9000,30,3,216032,167712,114088,202216
210,1640314409,32,10000,31,3,240032,186416,126320,227128
211,1640314409,32,11000,31,3,264032,204896,137592,250664
212,1640314409,32,12000,31,3,288032,223616,154920,272736
213,1640314409,32,13000,32,3,312008,242120,169104,295368
214,1640314409,32,14000,32,4,336008,260936,184904,322336
215,1640314409,32,15000,32,4,360008,280056,196368,341528
216,1640314409,32,16000,32,4,384008,299192,215160,366432
217,1640314409,32,17000,32,4,408008,317768,235672,389360
218,1640314409,32,18000,32,4,432008,336040,256136,412384
219,1640314409,32,19000,32,4,455984,354608,277632,434136
220,1640314409,32,20000,33,4,479984,372784,294632,456568
221,1640314409,32,21000,33,4,503936,391488,314384,483200
222,1640314409,32,22000,33,4,527936,410336,332328,506808
223,1640314409,32,23000,33,4,551936,428992,350056,528256
224,1640314409,32,24000,33,4,575936,447440,363848,549536
225,1640314409,32,25000,34,5,599936,466256,384496,573080
226,1640314409,32,26000,34,5,623936,485136,401312,597000
227,1640314409,32,27000,35,5,647936,503712,419472,621560
228,1640314409,32,28000,35,5,671936,522320,435368,645096
229,1640314409,32,29000,35,5,695936,540352,452368,665416
230,1640314409,32,30000,35,5,719936,559136,465880,687728
231,1640314409,32,31000,35,5,743936,577904,484776,711840
232,1640314409,32,32000,35,5,767936,596704,500432,733488
233,1640314409,32,33000,35,5,791912,615480,514960,755208
234,1640314409,32,34000,35,5,815912,634296,536920,774888
235,1640314409,32,35000,35,5,839888,652944,555952,803800
236,1640314409,32,36000,35,5,863864,671416,573312,830024
237,1640314409,32,37000,35,5,887864,690136,592312,856064
238,1640314409,32,38000,36,5,911840,708672,613128,882032
239,1640314409,32,39000,36,5,935816,727224,633008,907976
240,1640314409,32,40000,36,5,959792,745792,650344,929320
241,1640314409,32,41000,36,5,983768,764552,665544,951408
242,1640314409,32,42000,37,5,1007768,783560,683080,976848
243,1640314409,32,43000,37,5,1031768,802184,699072,999768
244,1640314409,32,44000,37,5,1055768,820856,716368,1022272
245,1640314409,32,45000,37,5,1079768,839848,732000,1045344
246,1640314409,32,46000,38,5,1103768,858536,746344,1065896
247,1640314409,32,47000,38,5,1127768,877320,764336,1090912
248,1640314409,32,48000,38,5,1151744,896048,778352,1114880
249,1640314409,32,49000,38,5,1175744,914864,794552,1139216
250,1640314409,32,50000,39,6,1199720,933768,814248,1164232
251,1640314409,32,51000,39,6,1223720,952264,828880,1188880
252,1640314409,32,52000,40,6,1247672,970744,844600,1212728
253,1640314409,32,53000,41,6,1271672,989352,860712,1234464
254,1640314409,32,54000,41,6,1295672,1007304,877240,1258432
255,1640314409,32,55000,41,6,1319648,1025936,891784,1279120
256,1640314409,32,56000,41,6,1343648,1044624,906016,1302144
257,1640314409,32,57000,41,6,1367624,1063320,922264,1326304
258,1640314409,32,58000,41,6,1391600,1081936,940560,1348264
259,1640314409,32,59000,41,6,1415600,1100288,955632,1375192
260,1640314409,32,60000,41,6,1439576,1119224,970112,1399080
261,1640314409,32,61000,41,6,1463552,1137760,983784,1422704
262,1640314409,32,62000,41,6,1487552,1156288,1000752,1443168
263,1640314409,32,63000,41,6,1511504,1175104,1016280,1466624
264,1640314409,32,64000,41,6,1535504,1193968,1029936,1489240
265,1640314409,32,65000,41,6,1559504,1212688,1041424,1513024
266,1640314409,32,66000,41,6,1583480,1231672,1055904,1536456
267,1640314409,32,67000,41,6,1607480,1250424,1074800,1558928
268,1640314409,32,68000,41,6,1631480,1269288,1087384,1580136
269,1640314409,32,69000,41,6,1655480,1287752,1104984,1602256
270,1640314409,32,70000,41,6,1679480,1306488,1119816,1626080
271,1640314409,32,71000,41,6,1703480,1324888,1131536,1646584
272,1640314409,32,72000,41,6,1727480,1343464,1145912,1669064
273,1640314409,32,73000,41,6,1751456,1362272,1160752,1690936
274,1640314409,32,74000,41,6,1775456,1380752,1175328,1715440
275,1640314409,32,75000,41,6,1799456,1399456,1188560,1738504
276,1640314409,32,76000,42,6,1823456,1417952,1205768,1760424
277,1640314409,32,77000,42,6,1847408,1436464,1222200,1782312
278,1640314409,32,78000,42,6,1871384,1454696,1238024,1805848
279,1640314409,32,79000,42,6,1895384,1473256,1252976,1828288
280,1640314409,32,80000,42,6,1919336,1491976,1264376,1850152
281,1640314409,32,81000,42,6,1943312,1510416,1277920,1872976
282,1640314409,32,82000,42,6,1967288,1529080,1289504,1894752
283,1640314409,32,83000,42,6,1991288,1547784,1301400,1919584
284,1640314409,32,84000,42,6,2015288,1566264,1314856,1938120
285,1640314409,32,85000,42,6,2039288,1585080,1329600,1959424
286,1640314409,32,86000,42,6,2063288,1603880,1343792,1981248
287,1640314409,32,87000,42,6,2087240,1622616,1357992,2005600
288,1640314409,32,88000,42,6,2111216,1641264,1372008,2029528
289,1640314409,32,89000,42,6,2135216,1659824,1384968,2051320
290,1640314409,32,90000,42,6,2159216,1678784,1399560,2072912
291,1640314409,32,91000,42,6,2183144,1697592,1412760,2096880
292,1640314409,32,92000,42,6,2207096,1716536,1427432,2119552
293,1640314409,32,93000,42,6,2231024,1734816,1442552,2143608
294,1640314409,32,94000,42,6,2254976,1753568,1455360,2166072
295,1640314409,32,95000,42,6,2278952,1772088,1466392,2186520
296,1640314409,32,96000,42,6,2302928,1790640,1479488,2206848
297,1640314409,32,97000,42,6,2326928,1809344,1491792,2230816
298,1640314409,32,98000,42,6,2350880,1828160,1506032,2257104
299,1640314409,32,99000,42,6,2374832,1846736,1517968,2280952
300,1640314410,32,50,12,1,1208,920,1176,1440
301,1640314410,32,1000,23,2,24032,18864,13592,22552
302,1640314410,32,2000,25,3,48032,37616,37872,48624
303,1640314410,32,3000,26,3,72032,56352,53752,71896
304,1640314410,32,4000,27,3,96032,74672,63528,94928
305,1640314410,32,5000,27,3,120032,93312,73904,116392
306,1640314410,32,6000,29,4,144032,111792,86648,138456
307,1640314410,32,7000,29,4,168032,130272,98592,158648
308,1640314410,32,8000,30,4,192032,148896,111568,179240
309,1640314410,32,9000,30,4,216008,167592,123880,202216
310,1640314410,32,10000,30,4,240008,186280,136552,227128
311,1640314410,32,11000,31,4,264008,205032,151032,250664
312,1640314410,32,12000,31,4,288008,223928,164208,272736
313,1640314410,32,13000,31,4,312008,242328,180520,295368
314,1640314410,32,14000,31,4,336008,261000,195752,322336
315,1640314410,32,15000,32,4,360008,279416,212560,341528
316,1640314410,32,16000,32,4,383984,297840,227688,366432
317,1640314410,32,17000,33,4,407984,316624,243120,389360
318,1640314410,32,18000,33,4,431984,335680,258080,412384
319,1640314410,32,19000,33,4,455984,354400,273096,434136
320,1640314410,32,20000,33,4,479984,372992,290992,456568
321,1640314410,32,21000,33,4,503984,391680,308872,483200
322,1640314410,32,22000,33,4,527960,410216,325088,506808
323,1640314410,32,23000,33,4,551960,429240,339072,528256
324,1640314410,32,24000,33,4,575936,448096,352704,549536
325,1640314410,32,25000,33,4,599936,466896,369312,573080
326,1640314410,32,26000,34,4,623936,485264,388328,597000
327,1640314410,32,27000,34,5,647936,504432,403696,621560
328,1640314410,32,28000,34,5,671912,523064,418192,645096
329,1640314410,32,29000,34,5,695912,541624,432816,665416
330,1640314410,32,30000,34,5,719912,560344,452160,687728
331,1640314410,32,31000,34,5,743840,578624,469496,711840
332,1640314410,32,32000,34,5,767840,597312,487736,733488
333,1640314410,32,33000,34,5,791840,616464,506656,755208
334,1640314410,32,34000,35,5,815840,635264,524376,774888
335,1640314410,32,35000,35,5,839816,653640,541560,803800
336,1640314410,32,36000,35,5,863816,671880,557464,830024
337,1640314410,32,37000,35,5,887816,690440,574680,856064
338,1640314410,32,38000,35,5,911792,709920,594048,882032
339,1640314410,32,39000,35,5,935792,728576,610424,907976
340,1640314410,32,40000,35,5,959792,747168,626408,929320
341,1640314410,32,41000,35,5,983792,765696,643688,951408
342,1640314410,32,42000,35,5,1007768,784216,660056,976848
343,1640314410,32,43000,35,5,1031768,802840,677568,999768
344,1640314410,32,44000,35,5,1055768,821688,693320,1022272
345,1640314410,32,45000,35,5,1079768,840024,710224,1045344
346,1640314410,32,46000,36,5,1103744,858688,724816,1065896
347,1640314410,32,47000,36,5,1127744,877312,742416,1090912
348,1640314410,32,48000,36,5,1151744,896016,759640,1114880
349,1640314410,32,49000,36,5,1175744,914560,776680,1139216
350,1640314410,32,50000,37,5,1199720,933432,792312,1164232
351,1640314410,32,51000,37,5,1223720,952728,806496,1188880
352,1640314410,32,52000,37,5,1247720,971416,823400,1212728
353,1640314410,32,53000,37,5,1271696,989888,838968,1234464
354,1640314410,32,54000,37,5,1295696,1008800,853136,1258432
355,1640314410,32,55000,37,5,1319696,1027440,869384,1279120
356,1640314410,32,56000,37,5,1343672,1046152,885352,1302144
357,1640314410,32,57000,37,6,1367672,1064600,904064,1326304
358,1640314410,32,58000,37,6,1391672,1083304,919648,1348264
359,1640314410,32,59000,37,6,1415648,1101888,936088,1375192
360,1640314410,32,60000,37,6,1439648,1120544,954584,1399080
361,1640314410,32,61000,37,6,1463648,1139392,972296,1422704
362,1640314410,32,62000,37,6,1487624,1157832,989288,1443168
363,1640314410,32,63000,37,6,1511624,1176392,1001712,1466624
364,1640314410,32,64000,37,6,1535624,1195192,1016640,1489240
365,1640314410,32,65000,37,6,1559528,1214104,1032872,1513024
366,1640314410,32,66000,37,6,1583528,1232648,1048328,1536456
367,1640314410,32,67000,37,6,1607480,1251176,1063648,1558928
368,1640314410,32,68000,37,6,1631480,1270024,1077896,1580136
369,1640314410,32,69000,37,6,1655456,1288976,1091688,1602256
370,1640314410,32,70000,37,6,1679456,1307712,1105680,1626080
371,1640314410,32,71000,38,6,1703456,1326144,1119640,1646584
372,1640314410,32,72000,38,6,1727432,1344472,1135576,1669064
373,1640314410,32,73000,38,6,1751432,1362920,1148064,1690936
374,1640314410,32,74000,38,6,1775408,1381680,1163576,1715440
375,1640314410,32,75000,38,6,1799384,1400472,1178856,1738504
376,1640314410,32,76000,38,6,1823360,1418960,1191408,1760424
377,1640314410,32,77000,38,6,1847360,1437552,1205856,1782312
378,1640314410,32,78000,38,6,1871336,1455784,1221816,1805848
379,1640314410,32,79000,38,6,1895336,1474536,1238016,1828288
380,1640314410,32,80000,38,6,1919336,1493128,1252304,1850152
381,1640314410,32,81000,38,6,1943336,1511720,1266592,1872976
382,1640314410,32,82000,38,6,1967312,1530720,1278992,1894752
383,1640314410,32,83000,39,6,1991264,1549072,1292664,1919584
384,1640314410,32,84000,39,6,2015192,1567416,1309904,1938120
385,1640314410,32,85000,39,6,2039120,1585936,1326104,1959424
386,1640314410,32,86000,39,6,2063096,1604648,1339480,1981248
387,1640314410,32,87000,39,6,2087096,1623176,1352456,2005600
388,1640314410,32,88000,39,6,2111096,1641720,1368248,2029528
389,1640314410,32,89000,39,6,2135096,1660440,1379544,2051320
390,1640314410,32,90000,39,6,2159072,1679216,1394592,2072912
391,1640314410,32,91000,39,6,2183024,1697712,1407624,2096880
392,1640314410,32,92000,39,6,2207024,1716496,1422136,2119552
393,1640314410,32,93000,39,6,2231000,1734952,1436072,2143608
394,1640314410,32,94000,39,6,2254976,1753728,1447368,2166072
395,1640314410,32,95000,39,6,2278904,1772200,1457856,2186520
396,1640314410,32,96000,39,6,2302880,1790848,1470648,2206848
397,1640314410,32,97000,39,6,2326856,1809544,1488560,2230816
398,1640314410,32,98000,39,6,2350808,1828120,1506464,2257104
399,1640314410,32,99000,39,6,2374784,1846944,1519480,2280952
400,1640314411,32,50,9,1,1208,920,1168,1440
401,1640314411,32,1000,20,2,24032,18880,15112,22552
402,1640314411,32,2000,24,2,48032,37360,38864,48624
403,1640314411,32,3000,26,2,72032,55952,51704,71896
404,1640314411,32,4000,26,3,96032,74208,62712,94928
405,1640314411,32,5000,27,3,120032,92768,71880,116392
406,1640314411,32,6000,28,3,144032,111264,81880,138456
407,1640314411,32,7000,29,3,168032,130240,92768,158648
408,1640314411,32,8000,30,3,192032,148816,102704,179240
409,1640314411,32,9000,31,3,216032,167760,116328,202216
410,1640314411,32,10000,31,3,240032,186432,129456,227128
411,1640314411,32,11000,31,3,264032,205120,144576,250664
412,1640314411,32,12000,32,3,288032,223600,160968,272736
413,1640314411,32,13000,32,3,312032,242224,174584,295368
414,1640314411,32,14000,32,3,336008,260504,188936,322336
415,1640314411,32,15000,32,4,360008,279352,205736,341528
416,1640314411,32,16000,32,4,384008,297960,224008,366432
417,1640314411,32,17000,32,4,408008,316872,238616,389360
418,1640314411,32,18000,33,4,432008,335080,254232,412384
419,1640314411,32,19000,33,4,456008,353704,273344,434136
420,1640314411,32,20000,33,4,479984,372272,288848,456568
421,1640314411,32,21000,33,4,503984,391440,307504,483200
422,1640314411,32,22000,33,4,527960,410312,325616,506808
423,1640314411,32,23000,34,4,551960,428920,347584,528256
424,1640314411,32,24000,34,4,575960,447976,367568,549536
425,1640314411,32,25000,34,4,599936,466944,390312,573080
426,1640314411,32,26000,34,4,623936,485440,409712,597000
427,1640314411,32,27000,34,4,647888,503920,426368,621560
428,1640314411,32,28000,34,4,671840,522432,442688,645096
429,1640314411,32,29000,34,4,695840,540752,465872,665416
430,1640314411,32,30000,35,4,719840,559728,483872,687728
431,1640314411,32,31000,35,4,743840,578128,499800,711840
432,1640314411,32,32000,35,4,767840,596800,516696,733488
433,1640314411,32,33000,35,4,791816,615608,532872,755208
434,1640314411,32,34000,35,4,815816,634392,549472,774888
435,1640314411,32,35000,35,4,839816,653016,572224,803800
436,1640314411,32,36000,35,4,863792,671376,588704,830024
437,1640314411,32,37000,35,4,887792,689952,603984,856064
438,1640314411,32,38000,36,4,911792,708528,618304,882032
439,1640314411,32,39000,36,4,935768,727528,637168,907976
440,1640314411,32,40000,36,4,959768,746216,660544,929320
441,1640314411,32,41000,36,4,983768,764344,677432,951408
442,1640314411,32,42000,36,4,1007768,783064,694432,976848
443,1640314411,32,43000,36,4,1031768,802152,713328,999768
444,1640314411,32,44000,36,4,1055768,820776,731584,1022272
445,1640314411,32,45000,36,4,1079768,839448,747520,1045344
446,1640314411,32,46000,36,4,1103768,858248,767304,1065896
447,1640314411,32,47000,36,5,1127768,877144,784872,1090912
448,1640314411,32,48000,36,5,1151744,895648,799352,1114880
449,1640314411,32,49000,36,5,1175744,914800,813048,1139216
450,1640314411,32,50000,36,5,1199744,933552,830128,1164232
451,1640314411,32,51000,36,5,1223720,951848,843992,1188880
452,1640314411,32,52000,36,5,1247720,970744,858648,1212728
453,1640314411,32,53000,36,5,1271720,989304,870288,1234464
454,1640314411,32,54000,36,5,1295696,1007744,883664,1258432
455,1640314411,32,55000,36,5,1319672,1026504,901320,1279120
456,1640314411,32,56000,36,5,1343648,1045232,918344,1302144
457,1640314411,32,57000,37,5,1367648,1063632,934048,1326304
458,1640314411,32,58000,37,5,1391624,1082184,950856,1348264
459,1640314411,32,59000,37,5,1415624,1100920,964728,1375192
460,1640314411,32,60000,37,5,1439624,1119688,981000,1399080
461,1640314411,32,61000,37,5,1463624,1138552,995816,1422704
462,1640314411,32,62000,38,5,1487600,1157120,1012144,1443168
463,1640314411,32,63000,38,5,1511600,1175968,1023664,1466624
464,1640314411,32,64000,38,5,1535576,1194440,1039936,1489240
465,1640314411,32,65000,38,5,1559576,1213320,1053816,1513024
466,1640314411,32,66000,38,5,1583552,1231952,1067000,1536456
467,1640314411,32,67000,38,5,1607528,1250360,1078912,1558928
468,1640314411,32,68000,38,5,1631528,1269112,1093504,1580136
469,1640314411,32,69000,38,5,1655528,1287832,1109552,1602256
470,1640314411,32,70000,38,5,1679528,1306280,1123864,1626080
471,1640314411,32,71000,38,5,1703504,1324912,1138400,1646584
472,1640314411,32,72000,38,5,1727456,1343296,1151216,1669064
473,1640314411,32,73000,38,5,1751456,1362080,1162064,1690936
474,1640314411,32,74000,38,5,1775408,1380944,1175584,1715440
475,1640314411,32,75000,38,5,1799408,1399696,1187288,1738504
476,1640314411,32,76000,38,5,1823384,1417816,1202712,1760424
477,1640314411,32,77000,38,5,1847360,1436768,1217856,1782312
478,1640314411,32,78000,38,5,1871360,1455568,1229848,1805848
479,1640314411,32,79000,38,5,1895312,1474096,1243464,1828288
480,1640314411,32,80000,38,5,1919264,1492544,1257720,1850152
481,1640314411,32,81000,39,5,1943264,1511616,1271080,1872976
482,1640314411,32,82000,39,5,1967264,1530528,1284688,1894752
483,1640314411,32,83000,39,5,1991240,1549144,1295952,1919584
484,1640314411,32,84000,39,5,2015216,1568048,1308160,1938120
485,1640314411,32,85000,39,5,2039192,1586968,1325256,1959424
486,1640314411,32,86000,39,5,2063192,1605592,1338416,1981248
487,1640314411,32,87000,39,5,2087192,1623784,1351816,2005600
488,1640314411,32,88000,39,5,2111192,1642616,1363960,2029528
489,1640314411,32,89000,39,6,2135192,1661256,1379608,2051320
490,1640314411,32,90000,39,6,2159168,1679600,1394416,2072912
491,1640314411,32,91000,39,6,2183168,1698160,1408912,2096880
492,1640314411,32,92000,39,6,2207096,1716456,1425280,2119552
493,1640314411,32,93000,39,6,2231096,1735064,1436904,2143608
494,1640314411,32,94000,39,6,2255096,1753528,1448992,2166072
495,1640314411,32,95000,39,6,2279096,1772072,1462760,2186520
496,1640314411,32,96000,39,6,2303072,1790624,1475256,2206848
497,1640314411,32,97000,39,6,2327072,1809136,1487472,2230816
498,1640314411,32,98000,39,6,2351072,1828000,1500720,2257104
499,1640314411,32,99000,39,6,2375072,1846544,1514464,2280952
500,1640314412,32,50,11,1,1208,888,1424,1304
501,1640314412,32,1000,21,2,24032,18832,14544,22520
502,1640314412,32,2000,23,2,48032,37440,38872,50296
503,1640314412,32,3000,24,3,72032,56160,50848,73440
504,1640314412,32,4000,26,3,96032,75104,61688,95144
505,1640314412,32,5000,27,3,120032,93648,73208,116384
506,1640314412,32,6000,28,3,144032,112032,83720,135744
507,1640314412,32,7000,30,3,168008,130616,96376,154448
508,1640314412,32,8000,30,3,192008,149544,108792,177176
509,1640314412,32,9000,30,3,216008,167896,127088,194920
510,1640314412,32,10000,30,3,240008,186680,140672,217248
511,1640314412,32,11000,31,3,264008,205336,154736,237880
512,1640314412,32,12000,31,3,288008,223672,167712,258632
513,1640314412,32,13000,31,3,312008,242728,179760,280928
514,1640314412,32,14000,32,3,336008,261592,199000,307320
515,1640314412,32,15000,32,4,360008,280344,213568,327072
516,1640314412,32,16000,32,4,384008,298760,229560,350552
517,1640314412,32,17000,32,4,407984,318016,246800,374968
518,1640314412,32,18000,32,4,431984,336816,263808,399880
519,1640314412,32,19000,33,4,455984,355280,277912,424144
520,1640314412,32,20000,33,4,479984,373984,289400,449320
521,1640314412,32,21000,33,4,503984,392496,305088,472928
522,1640314412,32,22000,33,4,527984,411008,321192,497848
523,1640314412,32,23000,33,4,551960,429640,332072,522856
524,1640314412,32,24000,33,4,575936,448144,348736,544264
525,1640314412,32,25000,34,4,599936,466576,364360,573424
526,1640314412,32,26000,34,4,623936,485264,380584,595600
527,1640314412,32,27000,34,4,647936,503600,395784,621152
528,1640314412,32,28000,34,4,671936,522928,413776,643224
529,1640314412,32,29000,34,4,695912,541768,429864,667424
530,1640314412,32,30000,35,4,719888,560544,446352,688072
531,1640314412,32,31000,35,4,743888,579472,464952,714616
532,1640314412,32,32000,35,4,767864,597992,480592,736208
533,1640314412,32,33000,36,4,791864,616696,496800,760112
534,1640314412,32,34000,36,4,815864,635544,512608,786312
535,1640314412,32,35000,36,4,839840,654624,526472,809200
536,1640314412,32,36000,36,4,863840,673088,542584,832816
537,1640314412,32,37000,36,4,887840,691504,559456,859352
538,1640314412,32,38000,36,4,911816,710120,573296,884568
539,1640314412,32,39000,36,4,935816,728520,592560,907072
540,1640314412,32,40000,36,4,959816,747144,609936,934664
541,1640314412,32,41000,36,4,983816,765368,627216,958472
542,1640314412,32,42000,36,4,1007792,783744,646368,983704
543,1640314412,32,43000,36,4,1031792,802080,667016,1005840
544,1640314412,32,44000,36,4,1055792,820912,684088,1028688
545,1640314412,32,45000,36,4,1079792,839504,703144,1051280
546,1640314412,32,46000,36,4,1103768,857912,717984,1073000
547,1640314412,32,47000,37,4,1127744,876464,731960,1097920
548,1640314412,32,48000,37,4,1151720,895144,745904,1121808
549,1640314412,32,49000,37,4,1175720,913816,763024,1144680
550,1640314412,32,50000,37,4,1199696,932384,778352,1170136
551,1640314412,32,51000,37,4,1223672,951304,792648,1197520
552,1640314412,32,52000,37,5,1247672,969752,810184,1219064
553,1640314412,32,53000,37,5,1271672,988232,826832,1243528
554,1640314412,32,54000,37,5,1295648,1006816,844224,1266296
555,1640314412,32,55000,38,5,1319648,1025440,860808,1290280
556,1640314412,32,56000,38,5,1343648,1044128,875688,1312128
557,1640314412,32,57000,38,5,1367624,1063096,890792,1337032
558,1640314412,32,58000,39,5,1391600,1081488,907416,1361904
559,1640314412,32,59000,39,5,1415576,1099880,922816,1384576
560,1640314412,32,60000,39,5,1439552,1118000,938600,1407872
561,1640314412,32,61000,39,5,1463528,1136968,956888,1430216
562,1640314412,32,62000,39,5,1487528,1155736,972072,1456496
563,1640314412,32,63000,39,5,1511528,1174296,992160,1479128
564,1640314412,32,64000,39,5,1535528,1193064,1008256,1502016
565,1640314412,32,65000,39,5,1559528,1212040,1024304,1523088
566,1640314412,32,66000,39,5,1583504,1230736,1043496,1545776
567,1640314412,32,67000,39,5,1607480,1249384,1057720,1570800
568,1640314412,32,68000,39,5,1631456,1267968,1071336,1593416
569,1640314412,32,69000,39,5,1655432,1286600,1089136,1619320
570,1640314412,32,70000,39,5,1679408,1304880,1107200,1641736
571,1640314412,32,71000,39,5,1703384,1323912,1122296,1662320
572,1640314412,32,72000,39,5,1727336,1343048,1135528,1687656
573,1640314412,32,73000,39,5,1751336,1361992,1150448,1709040
574,1640314412,32,74000,39,5,1775288,1380424,1165920,1732032
575,1640314412,32,75000,40,5,1799264,1398832,1182744,1754624
576,1640314412,32,76000,40,5,1823264,1417344,1197584,1779144
577,1640314412,32,77000,40,5,1847240,1436056,1215712,1804184
578,1640314412,32,78000,40,5,1871216,1454704,1232304,1826856
579,1640314412,32,79000,40,5,1895216,1473584,1247176,1848016
580,1640314412,32,80000,40,5,1919144,1492312,1263448,1869176
581,1640314412,32,81000,40,5,1943096,1511416,1277304,1894928
582,1640314412,32,82000,40,5,1967024,1530368,1290608,1918208
583,1640314412,32,83000,40,5,1991024,1549232,1306832,1938760
584,1640314412,32,84000,40,5,2015024,1567968,1322536,1957992
585,1640314412,32,85000,40,5,2039000,1586664,1337024,1979312
586,1640314412,32,86000,40,5,2063000,1605272,1352184,2001504
587,1640314412,32,87000,40,5,2087000,1624616,1366696,2024712
588,1640314412,32,88000,40,5,2111000,1643368,1380240,2048344
589,1640314412,32,89000,40,5,2135000,1662216,1395880,2068184
590,1640314412,32,90000,40,5,2158976,1680240,1408640,2090776
591,1640314412,32,91000,40,5,2182928,1698704,1424176,2114264
592,1640314412,32,92000,40,5,2206904,1717480,1438384,2139528
593,1640314412,32,93000,40,5,2230904,1735976,1451368,2162168
594,1640314412,32,94000,40,5,2254904,1754968,1466192,2183808
595,1640314412,32,95000,40,5,2278904,1773544,1483248,2202360
596,1640314412,32,96000,40,5,2302880,1792352,1496544,2224768
597,1640314412,32,97000,40,5,2326856,1811160,1510944,2244480
598,1640314412,32,98000,40,5,2350856,1829992,1526736,2266480
599,1640314412,32,99000,41,5,2374832,1848800,1539288,2287184
600,1640314413,32,50,12,1,1208,968,1240,1304
601,1640314413,32,1000,20,2,24032,18720,14016,22520
602,1640314413,32,2000,23,2,48032,37232,40736,50296
603,1640314413,32,3000,26,2,72032,56048,53144,73440
604,1640314413,32,4000,27,2,96008,74744,61928,95144
605,1640314413,32,5000,27,3,120008,93432,72696,116384
606,1640314413,32,6000,28,3,144008,112040,81688,135744
607,1640314413,32,7000,28,3,168008,130424,93384,154448
608,1640314413,32,8000,29,3,192008,148936,102584,177176
609,1640314413,32,9000,29,4,216008,167384,118576,194920
610,1640314413,32,10000,30,4,240008,185736,134392,217248
611,1640314413,32,11000,30,4,264008,204664,148032,237880
612,1640314413,32,12000,30,4,288008,223624,158888,258632
613,1640314413,32,13000,30,4,312008,242280,173584,280928
614,1640314413,32,14000,32,4,336008,260840,189528,307320
615,1640314413,32,15000,32,4,360008,279592,205328,327072
616,1640314413,32,16000,32,4,384008,298328,220920,350552
617,1640314413,32,17000,33,4,408008,317224,238528,374968
618,1640314413,32,18000,33,4,432008,336008,253864,399880
619,1640314413,32,19000,34,4,456008,354456,270392,424144
620,1640314413,32,20000,34,4,480008,373336,284720,449320
621,1640314413,32,21000,34,4,504008,391944,301408,472928
622,1640314413,32,22000,34,4,528008,411096,318216,497848
623,1640314413,32,23000,34,4,552008,429880,338536,522856
624,1640314413,32,24000,34,4,576008,448280,359584,544264
625,1640314413,32,25000,34,4,600008,466568,379360,573424
626,1640314413,32,26000,34,4,624008,485016,399504,595600
627,1640314413,32,27000,34,4,648008,503240,413592,621152
628,1640314413,32,28000,34,4,672008,521464,435120,643224
629,1640314413,32,29000,34,4,696008,540312,451472,667424
630,1640314413,32,30000,34,4,720008,559016,469544,688072
631,1640314413,32,31000,34,4,744008,577640,488344,714616
632,1640314413,32,32000,34,4,768008,596520,507040,736208
633,1640314413,32,33000,34,5,792008,615336,522448,760112
634,1640314413,32,34000,34,5,815984,633712,543968,786312
635,1640314413,32,35000,34,5,839984,652304,564560,809200
636,1640314413,32,36000,35,5,863984,671072,586160,832816
637,1640314413,32,37000,36,5,887984,689472,606704,859352
638,1640314413,32,38000,36,5,911984,707984,625456,884568
639,1640314413,32,39000,36,5,935984,727024,646192,907072
640,1640314413,32,40000,36,5,959984,745584,664136,934664
641,1640314413,32,41000,36,5,983936,764048,680592,958472
642,1640314413,32,42000,36,5,1007936,782688,697848,983704
643,1640314413,32,43000,36,5,1031936,801408,717056,1005840
644,1640314413,32,44000,36,5,1055936,820528,732752,1028688
645,1640314413,32,45000,36,5,1079912,839384,748304,1051280
646,1640314413,32,46000,36,5,1103912,857912,766256,1073000
647,1640314413,32,47000,36,5,1127912,876360,782424,1097920
648,1640314413,32,48000,36,5,1151888,895312,797952,1121808
649,1640314413,32,49000,36,5,1175888,914416,815024,1144680
650,1640314413,32,50000,36,5,1199888,932816,833008,1170136
651,1640314413,32,51000,36,5,1223888,951392,849752,1197520
652,1640314413,32,52000,36,5,1247888,970064,864256,1219064
653,1640314413,32,53000,36,5,1271888,988928,880368,1243528
654,1640314413,32,54000,36,5,1295864,1008200,896624,1266296
655,1640314413,32,55000,36,5,1319864,1026456,912520,1290280
656,1640314413,32,56000,36,5,1343864,1045416,928384,1312128
657,1640314413,32,57000,36,5,1367864,1064616,945792,1337032
658,1640314413,32,58000,36,6,1391840,1083008,959656,1361904
659,1640314413,32,59000,37,6,1415816,1101512,974360,1384576
660,1640314413,32,60000,37,6,1439768,1119752,989792,1407872
661,1640314413,32,61000,37,6,1463768,1138392,1004456,1430216
662,1640314413,32,62000,37,6,1487744,1156800,1017936,1456496
663,1640314413,32,63000,37,6,1511648,1175680,1031320,1479128
664,1640314413,32,64000,37,6,1535648,1194112,1044888,1502016
665,1640314413,32,65000,37,6,1559648,1212992,1060920,1523088
666,1640314413,32,66000,37,6,1583648,1232048,1074296,1545776
667,1640314413,32,67000,37,6,1607648,1250480,1088120,1570800
668,1640314413,32,68000,37,6,1631624,1269160,1103056,1593416
669,1640314413,32,69000,37,6,1655600,1287440,1115528,1619320
670,1640314413,32,70000,37,6,1679576,1306104,1130488,1641736
671,1640314413,32,71000,37,6,1703552,1324944,1142408,1662320
672,1640314413,32,72000,38,6,1727504,1343584,1156912,1687656
673,1640314413,32,73000,38,6,1751504,1362608,1169760,1709040
674,1640314413,32,74000,38,6,1775504,1381744,1183536,1732032
675,1640314413,32,75000,38,6,1799504,1400448,1197912,1754624
676,1640314413,32,76000,38,6,1823480,1418984,1213096,1779144
677,1640314413,32,77000,38,6,1847456,1437520,1226792,1804184
678,1640314413,32,78000,38,6,1871432,1456072,1240824,1826856
679,1640314413,32,79000,38,6,1895432,1475208,1254232,1848016
680,1640314413,32,80000,38,6,1919408,1493632,1269920,1869176
681,1640314413,32,81000,38,6,1943240,1512264,1284200,1894928
682,1640314413,32,82000,38,6,1967168,1530912,1295512,1918208
683,1640314413,32,83000,38,6,1991096,1549464,1308344,1938760
684,1640314413,32,84000,38,6,2015096,1568008,1323640,1957992
685,1640314413,32,85000,39,6,2039072,1586592,1336064,1979312
686,1640314413,32,86000,39,6,2062976,1605568,1348096,2001504
687,1640314413,32,87000,40,6,2086952,1623848,1362904,2024712
688,1640314413,32,88000,40,6,2110952,1642248,1376104,2048344
689,1640314413,32,89000,40,6,2134928,1660944,1390944,2068184
690,1640314413,32,90000,40,6,2158904,1679496,1404296,2090776
691,1640314413,32,91000,40,6,2182880,1697984,1420728,2114264
692,1640314413,32,92000,40,6,2206832,1716880,1434464,2139528
693,1640314413,32,93000,40,6,2230784,1735520,1446624,2162168
694,1640314413,32,94000,40,6,2254760,1754232,1460432,2183808
695,1640314413,32,95000,40,6,2278760,1772872,1475016,2202360
696,1640314413,32,96000,40,6,2302712,1791176,1487312,2224768
697,1640314413,32,97000,40,6,2326688,1809856,1499680,2244480
698,1640314413,32,98000,40,6,2350688,1828656,1512840,2266480
699,1640314413,32,99000,40,6,2374592,1847488,1525856,2287184
700,1640314414,32,50,10,1,1208,968,1288,1304
701,1640314414,32,1000,21,2,24032,18528,17392,22520
702,1640314414,32,2000,23,2,48032,37264,38504,50296
703,1640314414,32,3000,26,3,72032,56320,52752,73440
704,1640314414,32,4000,26,3,96032,74576,64544,95144
705,1640314414,32,5000,27,3,120032,93536,74136,116384
706,1640314414,32,6000,30,3,144032,112144,85224,135744
707,1640314414,32,7000,30,4,168032,130560,100192,154448
708,1640314414,32,8000,31,4,192032,149376,114056,177176
709,1640314414,32,9000,31,4,216008,168232,123296,194920
710,1640314414,32,10000,31,4,240008,186904,136080,217248
711,1640314414,32,11000,31,4,264008,205416,148472,237880
712,1640314414,32,12000,31,4,288008,224008,160016,258632
713,1640314414,32,13000,32,4,312008,242504,173952,280928
714,1640314414,32,14000,32,4,336008,261208,185816,307320
715,1640314414,32,15000,32,4,360008,279752,198104,327072
716,1640314414,32,16000,32,4,383984,298448,214376,350552
717,1640314414,32,17000,32,4,407984,316656,230192,374968
718,1640314414,32,18000,32,4,431984,335280,247984,399880
719,1640314414,32,19000,32,5,455984,353872,268208,424144
720,1640314414,32,20000,32,5,479984,372816,282920,449320
721,1640314414,32,21000,32,5,503984,391520,301232,472928
722,1640314414,32,22000,32,5,527984,410592,322016,497848
723,1640314414,32,23000,32,5,551984,429168,338768,522856
724,1640314414,32,24000,32,5,575984,447280,356264,544264
725,1640314414,32,25000,32,5,599984,466080,374688,573424
726,1640314414,32,26000,32,5,623984,484528,395640,595600
727,1640314414,32,27000,33,5,647984,503376,413944,621152
728,1640314414,32,28000,33,5,671960,521928,432928,643224
729,1640314414,32,29000,33,5,695960,540920,452232,667424
730,1640314414,32,30000,33,5,719960,559608,468088,688072
731,1640314414,32,31000,34,5,743960,578296,481752,714616
732,1640314414,32,32000,34,5,767960,596952,498064,736208
733,1640314414,32,33000,35,5,791960,615752,517768,760112
734,1640314414,32,34000,35,5,815960,634184,534264,786312
735,1640314414,32,35000,35,5,839960,653080,553704,809200
736,1640314414,32,36000,35,5,863960,671352,572296,832816
737,1640314414,32,37000,35,5,887960,689976,593240,859352
738,1640314414,32,38000,36,5,911960,708632,610408,884568
739,1640314414,32,39000,36,5,935960,727256,629216,907072
740,1640314414,32,40000,36,5,959960,745992,648320,934664
741,1640314414,32,41000,36,5,983960,764568,667968,958472
742,1640314414,32,42000,36,5,1007960,783256,686192,983704
743,1640314414,32,43000,36,5,1031960,801960,708280,1005840
744,1640314414,32,44000,36,5,1055960,820168,730520,1028688
745,1640314414,32,45000,36,5,1079960,839192,749344,1051280
746,1640314414,32,46000,36,5,1103912,858168,766960,1073000
747,1640314414,32,47000,36,5,1127912,876744,780136,1097920
748,1640314414,32,48000,36,5,1151888,895136,794728,1121808
749,1640314414,32,49000,36,5,1175840,913888,813280,1144680
750,1640314414,32,50000,36,5,1199816,932776,829032,1170136
751,1640314414,32,51000,36,5,1223768,951672,847112,1197520
752,1640314414,32,52000,36,5,1247744,970320,863832,1219064
753,1640314414,32,53000,37,6,1271696,989136,878888,1243528
754,1640314414,32,54000,37,6,1295696,1007440,897456,1266296
755,1640314414,32,55000,37,6,1319696,1026272,912944,1290280
756,1640314414,32,56000,37,6,1343672,1045288,928640,1312128
757,1640314414,32,57000,37,6,1367672,1064136,944360,1337032
758,1640314414,32,58000,37,6,1391672,1082648,960440,1361904
759,1640314414,32,59000,37,6,1415648,1101392,972848,1384576
760,1640314414,32,60000,37,6,1439624,1120184,987504,1407872
761,1640314414,32,61000,37,6,1463600,1138928,1000736,1430216
762,1640314414,32,62000,37,6,1487576,1157784,1014904,1456496
763,1640314414,32,63000,37,6,1511576,1176120,1027712,1479128
764,1640314414,32,64000,37,6,1535552,1194912,1038616,1502016
765,1640314414,32,65000,38,6,1559432,1213608,1055000,1523088
766,1640314414,32,66000,38,6,1583408,1231904,1067176,1545776
767,1640314414,32,67000,38,6,1607408,1250752,1084064,1570800
768,1640314414,32,68000,38,6,1631408,1269472,1098824,1593416
769,1640314414,32,69000,38,6,1655384,1288232,1113792,1619320
770,1640314414,32,70000,38,6,1679336,1307128,1128920,1641736
771,1640314414,32,71000,38,6,1703336,1325880,1146000,1662320
772,1640314414,32,72000,38,6,1727288,1344696,1159936,1687656
773,1640314414,32,73000,38,6,1751264,1363488,1172136,1709040
774,1640314414,32,74000,38,6,1775264,1382560,1186128,1732032
775,1640314414,32,75000,38,6,1799240,1401352,1198176,1754624
776,1640314414,32,76000,38,6,1823216,1419904,1211720,1779144
777,1640314414,32,77000,38,6,1847216,1438432,1224256,1804184
778,1640314414,32,78000,38,6,1871192,1456888,1239040,1826856
779,1640314414,32,79000,38,6,1895144,1475336,1250976,1848016
780,1640314414,32,80000,38,6,1919144,1494104,1262824,1869176
781,1640314414,32,81000,38,6,1943120,1512656,1276320,1894928
782,1640314414,32,82000,38,6,1967096,1530904,1290032,1918208
783,1640314414,32,83000,38,6,1991024,1549408,1303224,1938760
784,1640314414,32,84000,38,6,2015024,1568320,1316880,1957992
785,1640314414,32,85000,38,6,2039024,1586480,1328808,1979312
786,1640314414,32,86000,38,6,2063000,1605208,1343352,2001504
787,1640314414,32,87000,38,6,2087000,1624136,1359944,2024712
788,1640314414,32,88000,38,6,2111000,1642376,1373920,2048344
789,1640314414,32,89000,38,6,2134976,1661040,1387568,2068184
790,1640314414,32,90000,39,6,2158976,1679536,1400512,2090776
791,1640314414,32,91000,39,6,2182928,1697840,1413176,2114264
792,1640314414,32,92000,39,6,2206928,1716160,1426856,2139528
793,1640314414,32,93000,39,6,2230928,1735120,1441184,2162168
794,1640314414,32,94000,39,6,2254928,1753904,1457376,2183808
795,1640314414,32,95000,39,6,2278904,1772760,1471184,2202360
796,1640314414,32,96000,39,7,2302904,1791704,1486080,2224768
797,1640314414,32,97000,39,7,2326856,1810184,1499392,2244480
798,1640314414,32,98000,39,7,2350808,1829112,1510848,2266480
799,1640314414,32,99000,39,7,2374784,1847568,1525832,2287184
800,1640314415,32,50,10,1,1208,920,1288,1384
801,1640314415,32,1000,21,2,24032,18544,15800,22776
802,1640314415,32,2000,22,2,48032,37440,36536,49440
803,1640314415,32,3000,26,3,72032,56080,53200,74920
804,1640314415,32,4000,27,3,96032,74768,65248,95320
805,1640314415,32,5000,28,3,120032,93520,74016,117856
806,1640314415,32,6000,28,3,144032,112160,83608,139384
807,1640314415,32,7000,28,3,168032,131072,92944,159296
808,1640314415,32,8000,28,3,192032,149648,101696,180640
809,1640314415,32,9000,29,3,216032,168256,111528,201960
810,1640314415,32,10000,30,4,240032,186768,123496,222680
811,1640314415,32,11000,30,4,264032,205376,137448,245208
812,1640314415,32,12000,31,4,288032,224064,152984,266448
813,1640314415,32,13000,32,4,312032,242864,168384,288776
814,1640314415,32,14000,33,4,336032,261568,183560,310680
815,1640314415,32,15000,33,4,360032,280064,201888,332464
816,1640314415,32,16000,33,4,384032,298656,217744,356136
817,1640314415,32,17000,33,4,408032,317264,234608,380032
818,1640314415,32,18000,33,4,432032,335552,254360,403520
819,1640314415,32,19000,33,4,456032,354336,269256,425080
820,1640314415,32,20000,33,4,480008,372984,287824,448992
821,1640314415,32,21000,33,4,504008,391608,302288,474056
822,1640314415,32,22000,33,4,528008,410792,318392,499408
823,1640314415,32,23000,33,4,552008,429128,334568,521728
824,1640314415,32,24000,34,4,576008,447944,351048,544192
825,1640314415,32,25000,34,4,600008,466328,370416,567984
826,1640314415,32,26000,35,4,624008,484776,388160,592392
827,1640314415,32,27000,35,4,648008,503080,405328,618176
828,1640314415,32,28000,35,4,672008,522120,424632,639920
829,1640314415,32,29000,35,4,696008,540952,442176,664128
830,1640314415,32,30000,35,4,719960,559672,460168,688320
831,1640314415,32,31000,35,4,743960,577928,484008,710216
832,1640314415,32,32000,35,4,767936,596896,505312,734152
833,1640314415,32,33000,35,4,791936,615568,527072,761136
834,1640314415,32,34000,36,4,815936,634144,543248,783976
835,1640314415,32,35000,36,4,839912,652792,559280,808568
836,1640314415,32,36000,36,5,863912,671592,579104,829816
837,1640314415,32,37000,36,5,887888,690608,599608,854232
838,1640314415,32,38000,36,5,911888,709456,615952,879536
839,1640314415,32,39000,36,5,935888,728080,635752,904808
840,1640314415,32,40000,36,5,959888,746944,652416,925064
841,1640314415,32,41000,36,5,983888,766064,669056,949000
842,1640314415,32,42000,36,5,1007888,784848,688656,973480
843,1640314415,32,43000,36,5,1031888,803248,708104,996720
844,1640314415,32,44000,36,5,1055840,821808,726368,1019608
845,1640314415,32,45000,36,5,1079816,840552,742280,1041760
846,1640314415,32,46000,36,5,1103816,859048,759592,1066608
847,1640314415,32,47000,36,5,1127792,877248,774416,1088960
848,1640314415,32,48000,36,5,1151792,896016,790096,1111368
849,1640314415,32,49000,37,5,1175768,914472,807296,1135432
850,1640314415,32,50000,37,5,1199768,933032,821480,1158296
851,1640314415,32,51000,37,5,1223744,951888,836120,1176912
852,1640314415,32,52000,37,5,1247744,970576,850752,1201800
853,1640314415,32,53000,37,5,1271696,989696,867776,1226088
854,1640314415,32,54000,37,5,1295672,1008536,885560,1250368
855,1640314415,32,55000,37,5,1319624,1027144,902392,1275128
856,1640314415,32,56000,38,5,1343600,1046192,919728,1299608
857,1640314415,32,57000,38,5,1367600,1064880,935704,1326272
858,1640314415,32,58000,38,5,1391552,1083472,951824,1350832
859,1640314415,32,59000,38,5,1415552,1102384,965488,1373880
860,1640314415,32,60000,38,5,1439552,1121216,982168,1398808
861,1640314415,32,61000,39,5,1463528,1139800,997096,1422920
862,1640314415,32,62000,39,5,1487528,1158520,1010712,1447000
863,1640314415,32,63000,39,5,1511504,1176976,1023352,1467920
864,1640314415,32,64000,39,5,1535504,1195472,1041040,1490480
865,1640314415,32,65000,39,5,1559504,1214320,1055944,1512488
866,1640314415,32,66000,39,5,1583480,1232648,1070112,1536760
867,1640314415,32,67000,39,5,1607432,1251288,1085232,1560416
868,1640314415,32,68000,40,5,1631432,1269896,1101528,1584568
869,1640314415,32,69000,40,5,1655432,1288472,1117960,1608952
870,1640314415,32,70000,40,5,1679432,1307128,1137472,1631392
871,1640314415,32,71000,40,5,1703384,1325768,1152912,1653432
872,1640314415,32,72000,40,5,1727336,1344680,1169712,1678088
873,1640314415,32,73000,40,5,1751288,1363080,1183080,1698144
874,1640314415,32,74000,40,5,1775288,1381864,1197728,1720296
875,1640314415,32,75000,40,6,1799264,1400400,1212896,1745608
876,1640314415,32,76000,40,6,1823240,1418856,1227624,1768768
877,1640314415,32,77000,40,6,1847240,1436856,1243640,1790848
878,1640314415,32,78000,40,6,1871192,1455656,1258776,1812952
879,1640314415,32,79000,40,6,1895168,1474224,1274560,1835408
880,1640314415,32,80000,41,6,1919144,1493048,1288152,1859728
881,1640314415,32,81000,41,6,1943096,1511848,1300984,1884240
882,1640314415,32,82000,41,6,1967072,1530752,1314600,1904576
883,1640314415,32,83000,41,6,1991048,1549032,1327912,1926072
884,1640314415,32,84000,41,6,2015024,1567584,1342776,1950896
885,1640314415,32,85000,41,6,2039024,1586288,1356416,1977864
886,1640314415,32,86000,41,6,2063024,1605120,1370184,1999240
887,1640314415,32,87000,41,6,2087000,1624200,1386152,2019416
888,1640314415,32,88000,41,6,2110976,1643008,1400784,2038520
889,1640314415,32,89000,41,6,2134952,1661496,1411512,2059368
890,1640314415,32,90000,41,6,2158928,1680416,1424584,2084528
891,1640314415,32,91000,41,6,2182904,1698888,1437408,2105512
892,1640314415,32,92000,41,6,2206904,1717496,1450264,2129608
893,1640314415,32,93000,41,6,2230904,1736120,1463528,2151576
894,1640314415,32,94000,41,6,2254880,1754688,1479104,2172328
895,1640314415,32,95000,41,6,2278856,1773832,1491008,2190864
896,1640314415,32,96000,41,6,2302808,1792264,1509560,2214680
897,1640314415,32,97000,41,6,2326808,1810824,1522784,2242848
898,1640314415,32,98000,41,6,2350784,1829168,1539352,2265056
899,1640314415,32,99000,41,6,2374784,1847824,1554008,2285272
900,1640314416,32,50,8,1,1208,920,1288,1384
901,1640314416,32,1000,19,2,24032,18656,13864,22776
902,1640314416,32,2000,23,2,48032,37248,41824,49440
903,1640314416,32,3000,25,2,72032,55856,53296,74920
904,1640314416,32,4000,26,3,96032,74432,64248,95320
905,1640314416,32,5000,27,3,120032,92944,72728,117856
906,1640314416,32,6000,27,3,144032,111728,82288,139384
907,1640314416,32,7000,27,3,168032,130176,93080,159296
908,1640314416,32,8000,28,3,192032,149136,103920,180640
909,1640314416,32,9000,28,3,216032,167776,116096,201960
910,1640314416,32,10000,28,4,240008,186232,129728,222680
911,1640314416,32,11000,29,4,264008,205032,141888,245208
912,1640314416,32,12000,29,4,288008,223544,152776,266448
913,1640314416,32,13000,29,4,312008,242104,165584,288776
914,1640314416,32,14000,29,4,336008,260888,177416,310680
915,1640314416,32,15000,29,4,360008,279672,193792,332464
916,1640314416,32,16000,30,4,384008,298248,208512,356136
917,1640314416,32,17000,30,4,408008,317240,228016,380032
918,1640314416,32,18000,30,4,432008,335992,244496,403520
919,1640314416,32,19000,30,4,456008,354984,256504,425080
920,1640314416,32,20000,31,4,480008,373720,275104,448992
921,1640314416,32,21000,31,4,504008,392392,291520,474056
922,1640314416,32,22000,31,4,528008,411208,314168,499408
923,1640314416,32,23000,31,4,552008,430168,331704,521728
924,1640314416,32,24000,31,4,575984,448512,349032,544192
925,1640314416,32,25000,32,4,599984,467056,366888,567984
926,1640314416,32,26000,32,4,623984,485312,389232,592392
927,1640314416,32,27000,32,4,647984,503840,411992,618176
928,1640314416,32,28000,32,4,671984,522768,428888,639920
929,1640314416,32,29000,33,4,695984,541360,450048,664128
930,1640314416,32,30000,33,5,719984,560240,472224,688320
931,1640314416,32,31000,33,5,743984,578672,491344,710216
932,1640314416,32,32000,33,5,767984,597344,514056,734152
933,1640314416,32,33000,33,5,791984,616288,535552,761136
934,1640314416,32,34000,33,5,815960,634984,551680,783976
935,1640314416,32,35000,33,5,839960,653976,570544,808568
936,1640314416,32,36000,33,5,863960,672968,584280,829816
937,1640314416,32,37000,33,5,887936,691824,600656,854232
938,1640314416,32,38000,33,5,911936,710464,617448,879536
939,1640314416,32,39000,33,5,935936,729024,637784,904808
940,1640314416,32,40000,33,5,959936,747520,657520,925064
941,1640314416,32,41000,33,5,983912,766072,675368,949000
942,1640314416,32,42000,33,5,1007888,784416,691768,973480
943,1640314416,32,43000,33,5,1031864,802552,709328,996720
944,1640314416,32,44000,33,5,1055864,821048,724688,1019608
945,1640314416,32,45000,33,5,1079840,840128,739112,1041760
946,1640314416,32,46000,34,5,1103840,859104,755032,1066608
947,1640314416,32,47000,34,5,1127816,877784,774392,1088960
948,1640314416,32,48000,34,5,1151816,896552,789008,1111368
949,1640314416,32,49000,34,5,1175816,914760,805448,1135432
950,1640314416,32,50000,34,5,1199768,933240,823304,1158296
951,1640314416,32,51000,34,5,1223768,951720,840184,1176912
952,1640314416,32,52000,34,5,1247768,970440,857640,1201800
953,1640314416,32,53000,34,5,1271744,989424,879256,1226088
954,1640314416,32,54000,35,5,1295744,1008192,896840,1250368
955,1640314416,32,55000,35,5,1319744,1027088,915736,1275128
956,1640314416,32,56000,35,5,1343720,1045912,930864,1299608
957,1640314416,32,57000,35,5,1367696,1063952,950352,1326272
958,1640314416,32,58000,35,5,1391672,1083208,967304,1350832
959,1640314416,32,59000,35,5,1415672,1101224,984544,1373880
960,1640314416,32,60000,35,5,1439672,1119768,999616,1398808
961,1640314416,32,61000,35,5,1463648,1138384,1011800,1422920
962,1640314416,32,62000,35,5,1487648,1157184,1029448,1447000
963,1640314416,32,63000,35,5,1511648,1175680,1043840,1467920
964,1640314416,32,64000,35,5,1535624,1194360,1062256,1490480
965,1640314416,32,65000,35,5,1559552,1212592,1078448,1512488
966,1640314416,32,66000,35,5,1583528,1231192,1094096,1536760
967,1640314416,32,67000,35,5,1607504,1249584,1107584,1560416
968,1640314416,32,68000,35,5,1631504,1267952,1123896,1584568
969,1640314416,32,69000,35,5,1655504,1286368,1139472,1608952
970,1640314416,32,70000,35,5,1679480,1304904,1155528,1631392
971,1640314416,32,71000,36,5,1703480,1323752,1170592,1653432
972,1640314416,32,72000,36,5,1727480,1342824,1186640,1678088
973,1640314416,32,73000,36,5,1751456,1361632,1201600,1698144
974,1640314416,32,74000,36,5,1775384,1380344,1215496,1720296
975,1640314416,32,75000,36,5,1799384,1399096,1228376,1745608
976,1640314416,32,76000,36,5,1823312,1417808,1240920,1768768
977,1640314416,32,77000,36,5,1847264,1436208,1255104,1790848
978,1640314416,32,78000,36,5,1871264,1455248,1268288,1812952
979,1640314416,32,79000,36,5,1895192,1473880,1281288,1835408
980,1640314416,32,80000,36,5,1919192,1492504,1296816,1859728
981,1640314416,32,81000,36,5,1943192,1510776,1309240,1884240
982,1640314416,32,82000,36,5,1967168,1529440,1326640,1904576
983,1640314416,32,83000,36,5,1991168,1548032,1339592,1926072
984,1640314416,32,84000,36,5,2015144,1566344,1353352,1950896
985,1640314416,32,85000,36,5,2039120,1585120,1368120,1977864
986,1640314416,32,86000,36,6,2063120,1604000,1384272,1999240
987,1640314416,32,87000,36,6,2087072,1622736,1400456,2019416
988,1640314416,32,88000,36,6,2111048,1641864,1411056,2038520
989,1640314416,32,89000,36,6,2135000,1660088,1425432,2059368
990,1640314416,32,90000,36,6,2159000,1678840,1438728,2084528
991,1640314416,32,91000,36,6,2182976,1697920,1452080,2105512
992,1640314416,32,92000,36,6,2206952,1717080,1465176,2129608
993,1640314416,32,93000,36,6,2230928,1735696,1477336,2151576
994,1640314416,32,94000,36,6,2254904,1753992,1492736,2172328
995,1640314416,32,95000,36,6,2278880,1772880,1503864,2190864
996,1640314416,32,96000,36,6,2302856,1791784,1518768,2214680
997,1640314416,32,97000,36,6,2326856,1810632,1528664,2242848
998,1640314416,32,98000,36,6,2350832,1829280,1541360,2265056
999,1640314416,32,99000,36,6,2374832,1848112,1553104,2285272
1000,1640314417,32,50,12,1,1208,920,1360,1384
1001,1640314417,32,1000,21,2,24032,18672,13624,22776
1002,1640314417,32,2000,23,2,48032,37136,38328,49440
1003,1640314417,32,3000,26,3,72032,55728,52240,74920
1004,1640314417,32,4000,26,3,96032,74416,64120,95320
1005,1640314417,32,5000,29,3,120032,93280,77072,117856
1006,1640314417,32,6000,31,3,144008,111992,86504,139384
1007,1640314417,32,7000,31,3,168008,130792,98416,159296
1008,1640314417,32,8000,31,4,192008,149480,109056,180640
1009,1640314417,32,9000,31,4,216008,168456,120400,201960
1010,1640314417,32,10000,31,4,240008,187192,136600,222680
1011,1640314417,32,11000,31,4,264008,205752,150240,245208
1012,1640314417,32,12000,31,4,288008,224616,163944,266448
1013,1640314417,32,13000,32,4,312008,243288,178856,288776
1014,1640314417,32,14000,33,4,336008,261832,193520,310680
1015,1640314417,32,15000,33,5,360008,280600,207408,332464
1016,1640314417,32,16000,33,5,384008,299336,221424,356136
1017,1640314417,32,17000,33,5,408008,317768,233656,380032
1018,1640314417,32,18000,33,5,432008,336264,251256,403520
1019,1640314417,32,19000,33,5,456008,355160,266768,425080
1020,1640314417,32,20000,34,5,480008,373672,281432,448992
1021,1640314417,32,21000,34,5,504008,392296,295656,474056
1022,1640314417,32,22000,35,5,527984,410752,309512,499408
1023,1640314417,32,23000,35,5,551984,429616,323248,521728
1024,1640314417,32,24000,35,5,575984,448464,342112,544192
1025,1640314417,32,25000,35,5,599984,466944,357808,567984
1026,1640314417,32,26000,35,5,623960,485560,374760,592392
1027,1640314417,32,27000,35,5,647960,504136,392856,618176
1028,1640314417,32,28000,35,5,671912,522712,411536,639920
1029,1640314417,32,29000,35,5,695912,541064,427368,664128
1030,1640314417,32,30000,35,5,719912,559928,443872,688320
1031,1640314417,32,31000,35,5,743912,578568,461824,710216
1032,1640314417,32,32000,35,5,767864,597560,479176,734152
1033,1640314417,32,33000,35,5,791864,616568,494384,761136
1034,1640314417,32,34000,35,5,815864,635304,511944,783976
1035,1640314417,32,35000,35,5,839864,654456,525688,808568
1036,1640314417,32,36000,35,5,863864,673176,541880,829816
1037,1640314417,32,37000,35,5,887864,692024,560520,854232
1038,1640314417,32,38000,35,5,911840,711072,578008,879536
1039,1640314417,32,39000,35,5,935840,729760,599696,904808
1040,1640314417,32,40000,36,5,959840,748576,618552,925064
1041,1640314417,32,41000,36,5,983840,767040,635360,949000
1042,1640314417,32,42000,36,5,1007816,785576,653448,973480
1043,1640314417,32,43000,37,5,1031792,804032,672544,996720
1044,1640314417,32,44000,37,5,1055768,822376,689304,1019608
1045,1640314417,32,45000,37,5,1079768,840664,706752,1041760
1046,1640314417,32,46000,38,5,1103768,859576,723712,1066608
1047,1640314417,32,47000,38,5,1127768,878296,737504,1088960
1048,1640314417,32,48000,38,5,1151768,897400,752776,1111368
1049,1640314417,32,49000,38,5,1175768,916392,769792,1135432
1050,1640314417,32,50000,38,5,1199768,934968,789336,1158296
1051,1640314417,32,51000,38,5,1223744,953552,803784,1176912
1052,1640314417,32,52000,38,5,1247744,972288,819712,1201800
1053,1640314417,32,53000,38,5,1271720,991160,836904,1226088
1054,1640314417,32,54000,38,5,1295696,1009360,851872,1250368
1055,1640314417,32,55000,38,5,1319696,1028112,868032,1275128
1056,1640314417,32,56000,38,5,1343696,1046784,881936,1299608
1057,1640314417,32,57000,38,5,1367696,1065504,896592,1326272
1058,1640314417,32,58000,38,5,1391600,1083952,912208,1350832
1059,1640314417,32,59000,38,5,1415552,1102560,927928,1373880
1060,1640314417,32,60000,38,5,1439528,1120872,945296,1398808
1061,1640314417,32,61000,38,5,1463504,1139136,961840,1422920
1062,1640314417,32,62000,38,5,1487480,1157480,977160,1447000
1063,1640314417,32,63000,38,5,1511480,1176296,990376,1467920
1064,1640314417,32,64000,38,5,1535456,1194432,1010840,1490480
1065,1640314417,32,65000,38,5,1559456,1213088,1027064,1512488
1066,1640314417,32,66000,38,5,1583432,1232248,1046160,1536760
1067,1640314417,32,67000,38,5,1607432,1251240,1062040,1560416
1068,1640314417,32,68000,38,6,1631432,1270088,1081744,1584568
1069,1640314417,32,69000,38,6,1655408,1288368,1095912,1608952
1070,1640314417,32,70000,38,6,1679384,1307016,1110072,1631392
1071,1640314417,32,71000,38,6,1703384,1325672,1130032,1653432
1072,1640314417,32,72000,39,6,1727360,1344320,1147256,1678088
1073,1640314417,32,73000,39,6,1751360,1362880,1161544,1698144
1074,1640314417,32,74000,39,6,1775336,1381144,1177800,1720296
1075,1640314417,32,75000,39,6,1799264,1399664,1193384,1745608
1076,1640314417,32,76000,39,6,1823192,1418312,1207560,1768768
1077,1640314417,32,77000,39,6,1847120,1437344,1223384,1790848
1078,1640314417,32,78000,39,6,1871072,1456016,1239224,1812952
1079,1640314417,32,79000,39,6,1895072,1474736,1255168,1835408
1080,1640314417,32,80000,40,6,1919048,1493480,1272096,1859728
1081,1640314417,32,81000,40,6,1943000,1512616,1288400,1884240
1082,1640314417,32,82000,40,6,1966976,1530848,1307208,1904576
1083,1640314417,32,83000,40,6,1990952,1549496,1323176,1926072
1084,1640314417,32,84000,40,6,2014880,1568128,1339312,1950896
1085,1640314417,32,85000,40,6,2038856,1586792,1353728,1977864
1086,1640314417,32,86000,40,6,2062856,1605080,1369824,1999240
1087,1640314417,32,87000,40,6,2086856,1624024,1386864,2019416
1088,1640314417,32,88000,40,6,2110832,1642224,1401672,2038520
1089,1640314417,32,89000,40,6,2134808,1660728,1417120,2059368
1090,1640314417,32,90000,41,6,2158760,1679352,1433048,2084528
1091,1640314417,32,91000,41,6,2182760,1698008,1449192,2105512
1092,1640314417,32,92000,41,6,2206760,1716968,1464376,2129608
1093,1640314417,32,93000,41,6,2230736,1735856,1477096,2151576
1094,1640314417,32,94000,42,6,2254736,1754768,1493176,2172328
1095,1640314417,32,95000,42,6,2278736,1773296,1506432,2190864
1096,1640314417,32,96000,42,6,2302736,1792096,1523384,2214680
1097,1640314417,32,97000,42,6,2326736,1810640,1535936,2242848
1098,1640314417,32,98000,42,6,2350736,1829056,1552192,2265056
1099,1640314417,32,99000,42,6,2374640,1848000,1567248,2285272
1100,1640314418,32,50,9,1,1208,984,1048,1360
1101,1640314418,32,1000,24,2,24032,18736,14928,23096
1102,1640314418,32,2000,29,2,48032,37280,39888,50464
1103,1640314418,32,3000,31,3,72032,56144,52736,73368
1104,1640314418,32,4000,33,3,96008,74888,63008,95688
1105,1640314418,32,5000,34,3,120008,93464,73456,114184
1106,1640314418,32,6000,35,3,144008,112248,85488,134744
1107,1640314418,32,7000,35,3,168008,131080,95008,156096
1108,1640314418,32,8000,35,4,192008,149816,104288,175472
1109,1640314418,32,9000,35,4,216008,168248,117352,196792
1110,1640314418,32,10000,36,4,240008,187176,134544,220224
1111,1640314418,32,11000,36,4,264008,205768,148880,242384
1112,1640314418,32,12000,37,4,287984,224400,162232,265016
1113,1640314418,32,13000,37,4,311960,243000,175752,289448
1114,1640314418,32,14000,38,4,335960,261592,193048,311912
1115,1640314418,32,15000,38,4,359960,280008,206368,336184
1116,1640314418,32,16000,38,4,383960,298696,220280,358712
1117,1640314418,32,17000,38,4,407960,317432,235488,382136
1118,1640314418,32,18000,38,4,431960,335960,252136,405160
1119,1640314418,32,19000,38,5,455960,354664,268744,431520
1120,1640314418,32,20000,38,5,479960,373352,284256,453984
1121,1640314418,32,21000,38,5,503960,391528,305968,478736
1122,1640314418,32,22000,39,5,527936,410000,327128,502304
1123,1640314418,32,23000,39,5,551936,428896,345768,525600
1124,1640314418,32,24000,39,5,575936,447696,360256,550688
1125,1640314418,32,25000,39,5,599936,466496,374832,577912
1126,1640314418,32,26000,39,5,623936,485392,390488,604976
1127,1640314418,32,27000,39,5,647912,504216,408872,628096
1128,1640314418,32,28000,39,5,671888,522608,425008,651328
1129,1640314418,32,29000,40,5,695888,541280,443936,678208
1130,1640314418,32,30000,40,5,719888,560112,462416,700304
1131,1640314418,32,31000,40,5,743888,579136,477088,724328
1132,1640314418,32,32000,40,5,767888,597728,496336,747864
1133,1640314418,32,33000,40,5,791840,616608,520168,771240
1134,1640314418,32,34000,40,5,815816,635512,536096,794224
1135,1640314418,32,35000,41,5,839816,654152,557888,820448
1136,1640314418,32,36000,41,5,863792,672272,577744,843280
1137,1640314418,32,37000,41,5,887792,690848,596408,864816
1138,1640314418,32,38000,41,5,911768,709160,614704,888432
1139,1640314418,32,39000,41,5,935768,727896,630704,912512
1140,1640314418,32,40000,41,5,959768,746584,646768,939200
1141,1640314418,32,41000,41,5,983768,764680,666592,963128
1142,1640314418,32,42000,42,5,1007744,783088,686264,985744
1143,1640314418,32,43000,42,5,1031744,801536,704992,1010544
1144,1640314418,32,44000,42,5,1055744,820336,720840,1035696
1145,1640314418,32,45000,42,5,1079720,838632,733584,1059520
1146,1640314418,32,46000,42,5,1103720,857160,750816,1083576
1147,1640314418,32,47000,42,5,1127720,875928,765408,1107784
1148,1640314418,32,48000,42,5,1151720,894520,782056,1131608
1149,1640314418,32,49000,42,5,1175720,913544,800416,1151336
1150,1640314418,32,50000,42,5,1199720,932312,817384,1177376
1151,1640314418,32,51000,42,5,1223696,950896,830520,1202376
1152,1640314418,32,52000,42,6,1247696,969936,848520,1226568
1153,1640314418,32,53000,42,6,1271648,988592,864208,1245904
1154,1640314418,32,54000,42,6,1295600,1006928,880528,1270176
1155,1640314418,32,55000,42,6,1319600,1025728,898784,1295576
1156,1640314418,32,56000,42,6,1343576,1044632,914728,1318760
1157,1640314418,32,57000,42,6,1367576,1063160,930912,1341456
1158,1640314418,32,58000,42,6,1391576,1081704,946744,1366056
1159,1640314418,32,59000,42,6,1415576,1100296,965496,1389432
1160,1640314418,32,60000,43,6,1439552,1119040,982168,1413864
1161,1640314418,32,61000,43,6,1463504,1137936,1002760,1437208
1162,1640314418,32,62000,43,6,1487480,1156280,1016624,1461360
1163,1640314418,32,63000,43,6,1511456,1174816,1032032,1481328
1164,1640314418,32,64000,43,6,1535456,1193040,1046672,1504080
1165,1640314418,32,65000,43,6,1559456,1211616,1058648,1529336
1166,1640314418,32,66000,43,6,1583456,1230208,1075192,1551112
1167,1640314418,32,67000,43,6,1607456,1249264,1087808,1570736
1168,1640314418,32,68000,43,6,1631456,1267520,1100800,1595504
1169,1640314418,32,69000,43,6,1655456,1286192,1116512,1620912
1170,1640314418,32,70000,43,6,1679432,1304824,1133032,1643992
1171,1640314418,32,71000,43,6,1703408,1323280,1146048,1667280
1172,1640314418,32,72000,43,6,1727384,1341624,1163072,1689152
1173,1640314418,32,73000,43,6,1751360,1359824,1174968,1708560
1174,1640314418,32,74000,43,6,1775360,1378944,1192600,1732864
1175,1640314418,32,75000,43,6,1799336,1397304,1210312,1753624
1176,1640314418,32,76000,43,6,1823336,1415944,1225864,1777832
1177,1640314418,32,77000,43,6,1847312,1434736,1239624,1802432
1178,1640314418,32,78000,43,6,1871312,1453424,1251640,1821864
1179,1640314418,32,79000,43,6,1895288,1471848,1264680,1845384
1180,1640314418,32,80000,43,6,1919264,1490608,1281304,1866936
1181,1640314418,32,81000,43,6,1943264,1509440,1293872,1888600
1182,1640314418,32,82000,43,6,1967216,1528336,1309336,1912464
1183,1640314418,32,83000,43,6,1991216,1546976,1321936,1931280
1184,1640314418,32,84000,44,6,2015216,1565408,1335864,1951056
1185,1640314418,32,85000,44,6,2039216,1584080,1351824,1976024
1186,1640314418,32,86000,44,6,2063192,1602680,1368480,2000048
1187,1640314418,32,87000,44,6,2087192,1621448,1382264,2021512
1188,1640314418,32,88000,44,6,2111168,1640160,1395288,2041080
1189,1640314418,32,89000,44,6,2135168,1658880,1407584,2065864
1190,1640314418,32,90000,44,6,2159144,1677912,1420376,2091552
1191,1640314418,32,91000,44,6,2183072,1696736,1434256,2114944
1192,1640314418,32,92000,44,6,2207072,1715152,1446432,2142288
1193,1640314418,32,93000,44,6,2231024,1733360,1460136,2162456
1194,1640314418,32,94000,44,6,2254976,1751952,1472608,2186896
1195,1640314418,32,95000,44,6,2278952,1771176,1484160,2208792
1196,1640314418,32,96000,44,6,2302952,1789912,1495496,2229640
1197,1640314418,32,97000,44,6,2326928,1808544,1508688,2252368
1198,1640314418,32,98000,44,6,2350904,1826888,1523688,2274896
1199,1640314418,32,99000,44,6,2374904,1845640,1535480,2294864
1200,1640314419,32,50,9,1,1208,920,1080,1360
1201,1640314419,32,1000,21,3,24032,18832,14800,23096
1202,1640314419,32,2000,24,3,48032,37216,37712,50464
1203,1640314419,32,3000,25,3,72032,56032,53152,73368
1204,1640314419,32,4000,27,3,96032,74720,68248,95688
1205,1640314419,32,5000,29,3,120032,92976,80576,114184
1206,1640314419,32,6000,29,4,144032,111680,94728,134744
1207,1640314419,32,7000,29,4,168032,130480,106632,156096
1208,1640314419,32,8000,29,4,192032,149104,118888,175472
1209,1640314419,32,9000,31,4,216032,168064,127624,196792
1210,1640314419,32,10000,33,4,240032,186656,139720,220224
1211,1640314419,32,11000,33,4,264032,205184,151544,242384
1212,1640314419,32,12000,34,4,288032,224144,167888,265016
1213,1640314419,32,13000,34,4,312008,243176,178264,289448
1214,1640314419,32,14000,34,4,336008,261768,193472,311912
1215,1640314419,32,15000,35,4,360008,280280,206208,336184
1216,1640314419,32,16000,35,4,384008,299112,220624,358712
1217,1640314419,32,17000,35,4,408008,317752,235616,382136
1218,1640314419,32,18000,35,4,432008,336088,250096,405160
1219,1640314419,32,19000,35,5,456008,354968,261072,431520
1220,1640314419,32,20000,35,5,479984,373664,274984,453984
1221,1640314419,32,21000,35,5,503984,392016,290056,478736
1222,1640314419,32,22000,35,5,527984,410752,305832,502304
1223,1640314419,32,23000,35,5,551984,429632,319832,525600
1224,1640314419,32,24000,35,5,575984,448128,336880,550688
1225,1640314419,32,25000,35,5,599984,466752,352760,577912
1226,1640314419,32,26000,35,5,623984,485184,370016,604976
1227,1640314419,32,27000,35,5,647984,503968,383864,628096
1228,1640314419,32,28000,35,5,671936,522736,398832,651328
1229,1640314419,32,29000,35,5,695912,541592,413800,678208
1230,1640314419,32,30000,36,5,719888,560160,430112,700304
1231,1640314419,32,31000,36,5,743888,578880,449256,724328
1232,1640314419,32,32000,36,5,767888,597360,463624,747864
1233,1640314419,32,33000,36,5,791888,616112,484024,771240
1234,1640314419,32,34000,36,5,815888,634912,500792,794224
1235,1640314419,32,35000,36,5,839888,653712,517800,820448
1236,1640314419,32,36000,36,5,863888,672608,531200,843280
1237,1640314419,32,37000,36,5,887888,691808,545632,864816
1238,1640314419,32,38000,36,5,911888,710528,566704,888432
1239,1640314419,32,39000,36,5,935864,728808,585472,912512
1240,1640314419,32,40000,36,5,959864,747672,600848,939200
1241,1640314419,32,41000,36,5,983864,766600,619680,963128
1242,1640314419,32,42000,36,5,1007864,785384,636848,985744
1243,1640314419,32,43000,36,5,1031864,804120,651744,1010544
1244,1640314419,32,44000,36,5,1055864,822920,669072,1035696
1245,1640314419,32,45000,36,5,1079864,841608,688680,1059520
1246,1640314419,32,46000,36,5,1103840,860208,705888,1083576
1247,1640314419,32,47000,36,5,1127840,878576,726656,1107784
1248,1640314419,32,48000,37,5,1151816,896872,742416,1131608
1249,1640314419,32,49000,37,5,1175816,915544,761720,1151336
1250,1640314419,32,50000,37,5,1199816,933864,780600,1177376
1251,1640314419,32,51000,37,5,1223792,952320,797168,1202376
1252,1640314419,32,52000,37,5,1247792,970992,811936,1226568
1253,1640314419,32,53000,37,5,1271792,989728,828736,1245904
1254,1640314419,32,54000,37,5,1295792,1008480,845384,1270176
1255,1640314419,32,55000,37,5,1319792,1027200,859760,1295576
1256,1640314419,32,56000,37,5,1343792,1045680,880736,1318760
1257,1640314419,32,57000,37,5,1367792,1064576,901296,1341456
1258,1640314419,32,58000,37,5,1391792,1083376,916960,1366056
1259,1640314419,32,59000,37,5,1415792,1102368,931464,1389432
1260,1640314419,32,60000,37,5,1439768,1121096,946320,1413864
1261,1640314419,32,61000,37,5,1463768,1139752,964912,1437208
1262,1640314419,32,62000,37,5,1487768,1158488,980136,1461360
1263,1640314419,32,63000,37,6,1511672,1177160,998000,1481328
1264,1640314419,32,64000,37,6,1535672,1195480,1015832,1504080
1265,1640314419,32,65000,37,6,1559672,1214168,1030672,1529336
1266,1640314419,32,66000,37,6,1583672,1232680,1046320,1551112
1267,1640314419,32,67000,37,6,1607648,1250896,1062016,1570736
1268,1640314419,32,68000,37,6,1631648,1269696,1078432,1595504
1269,1640314419,32,69000,37,6,1655648,1287952,1095536,1620912
1270,1640314419,32,70000,38,6,1679648,1306320,1111016,1643992
1271,1640314419,32,71000,38,6,1703648,1325296,1131664,1667280
1272,1640314419,32,72000,38,6,1727648,1343984,1154080,1689152
1273,1640314419,32,73000,38,6,1751648,1362832,1169456,1708560
1274,1640314419,32,74000,38,6,1775624,1381464,1184856,1732864
1275,1640314419,32,75000,38,6,1799576,1399880,1204720,1753624
1276,1640314419,32,76000,38,6,1823576,1418872,1219760,1777832
1277,1640314419,32,77000,38,6,1847552,1437328,1235640,1802432
1278,1640314419,32,78000,38,6,1871504,1455696,1250408,1821864
1279,1640314419,32,79000,38,6,1895456,1474432,1266592,1845384
1280,1640314419,32,80000,38,6,1919456,1493568,1284152,1866936
1281,1640314419,32,81000,38,6,1943456,1512112,1301736,1888600
1282,1640314419,32,82000,38,6,1967432,1531176,1314224,1912464
1283,1640314419,32,83000,38,6,1991432,1549768,1331304,1931280
1284,1640314419,32,84000,38,6,2015432,1568456,1347264,1951056
1285,1640314419,32,85000,38,6,2039432,1587192,1362072,1976024
1286,1640314419,32,86000,38,6,2063384,1605640,1381112,2000048
1287,1640314419,32,87000,38,6,2087384,1624312,1399184,2021512
1288,1640314419,32,88000,38,6,2111360,1642896,1412824,2041080
1289,1640314419,32,89000,39,6,2135336,1661720,1428920,2065864
1290,1640314419,32,90000,39,6,2159336,1680024,1442216,2091552
1291,1640314419,32,91000,39,6,2183288,1698744,1457104,2114944
1292,1640314419,32,92000,39,6,2207264,1717248,1474024,2142288
1293,1640314419,32,93000,39,6,2231240,1736040,1488168,2162456
1294,1640314419,32,94000,39,6,2255192,1754712,1506056,2186896
1295,1640314419,32,95000,39,6,2279144,1773224,1522400,2208792
1296,1640314419,32,96000,39,6,2303120,1792144,1539424,2229640
1297,1640314419,32,97000,39,6,2327120,1811296,1554448,2252368
1298,1640314419,32,98000,39,6,2351096,1829432,1569664,2274896
1299,1640314419,32,99000,39,6,2375096,1848424,1583320,2294864
1300,1640314420,32,50,12,1,1208,920,1288,1360
1301,1640314420,32,1000,22,2,24032,18672,13952,23096
1302,1640314420,32,2000,28,2,48032,37120,40568,50464
1303,1640314420,32,3000,29,3,72032,56016,53912,73368
1304,1640314420,32,4000,30,3,96032,74736,64688,95688
1305,1640314420,32,5000,30,4,120032,93280,75264,114184
1306,1640314420,32,6000,30,4,144032,111600,83944,134744
1307,1640314420,32,7000,30,4,168032,130768,93720,156096
1308,1640314420,32,8000,31,4,192032,149616,106840,175472
1309,1640314420,32,9000,31,4,216032,168384,116408,196792
1310,1640314420,32,10000,31,4,240032,186960,128568,220224
1311,1640314420,32,11000,32,4,264032,205664,140064,242384
1312,1640314420,32,12000,32,5,288032,224672,155448,265016
1313,1640314420,32,13000,33,5,312032,243408,168096,289448
1314,1640314420,32,14000,33,5,336032,261696,183472,311912
1315,1640314420,32,15000,33,5,360032,280656,201184,336184
1316,1640314420,32,16000,33,5,384032,299168,218984,358712
1317,1640314420,32,17000,33,5,408032,317904,238632,382136
1318,1640314420,32,18000,33,5,432032,336512,252096,405160
1319,1640314420,32,19000,33,5,456008,355272,267664,431520
1320,1640314420,32,20000,34,5,479984,373824,284104,453984
1321,1640314420,32,21000,34,5,503984,392400,300016,478736
1322,1640314420,32,22000,34,6,527984,410784,318168,502304
1323,1640314420,32,23000,34,6,551984,429424,339280,525600
1324,1640314420,32,24000,34,6,575984,448288,356536,550688
1325,1640314420,32,25000,34,6,599984,466512,376528,577912
1326,1640314420,32,26000,35,6,623984,484768,399096,604976
1327,1640314420,32,27000,35,6,647984,503024,418904,628096
1328,1640314420,32,28000,35,6,671984,521712,436600,651328
1329,1640314420,32,29000,35,6,695984,540432,451808,678208
1330,1640314420,32,30000,35,6,719984,559088,464488,700304
1331,1640314420,32,31000,36,6,743984,577344,487624,724328
1332,1640314420,32,32000,36,6,767984,596096,507800,747864
1333,1640314420,32,33000,36,6,791960,614712,529840,771240
1334,1640314420,32,34000,37,6,815960,633752,549000,794224
1335,1640314420,32,35000,37,6,839960,652344,567960,820448
1336,1640314420,32,36000,37,6,863936,671552,586336,843280
1337,1640314420,32,37000,37,6,887936,690432,600624,864816
1338,1640314420,32,38000,37,6,911936,708896,620800,888432
1339,1640314420,32,39000,37,6,935936,727872,635432,912512
1340,1640314420,32,40000,37,6,959936,746864,652096,939200
1341,1640314420,32,41000,37,6,983936,765680,668704,963128
1342,1640314420,32,42000,37,6,1007936,783872,686264,985744
1343,1640314420,32,43000,37,6,1031912,802456,701936,1010544
1344,1640314420,32,44000,37,6,1055912,821192,718056,1035696
1345,1640314420,32,45000,38,6,1079864,840056,732680,1059520
1346,1640314420,32,46000,38,6,1103864,858392,749712,1083576
1347,1640314420,32,47000,38,6,1127816,877240,764680,1107784
1348,1640314420,32,48000,38,6,1151816,895656,784704,1131608
1349,1640314420,32,49000,38,6,1175792,914192,803656,1151336
1350,1640314420,32,50000,38,6,1199792,933024,818584,1177376
1351,1640314420,32,51000,38,6,1223792,951840,835248,1202376
1352,1640314420,32,52000,38,6,1247792,970496,849584,1226568
1353,1640314420,32,53000,38,6,1271768,989208,867296,1245904
1354,1640314420,32,54000,38,6,1295768,1007688,884496,1270176
1355,1640314420,32,55000,38,6,1319744,1026576,898520,1295576
1356,1640314420,32,56000,38,6,1343744,1045488,913456,1318760
1357,1640314420,32,57000,39,6,1367720,1064120,928264,1341456
1358,1640314420,32,58000,39,6,1391696,1082752,945408,1366056
1359,1640314420,32,59000,39,6,1415696,1101328,959216,1389432
1360,1640314420,32,60000,39,6,1439696,1119792,974328,1413864
1361,1640314420,32,61000,39,7,1463696,1137904,988184,1437208
1362,1640314420,32,62000,39,7,1487696,1156752,1004912,1461360
1363,1640314420,32,63000,39,7,1511648,1175344,1018424,1481328
1364,1640314420,32,64000,39,7,1535648,1194048,1033608,1504080
1365,1640314420,32,65000,39,7,1559648,1212880,1052520,1529336
1366,1640314420,32,66000,39,7,1583648,1231424,1065624,1551112
1367,1640314420,32,67000,39,7,1607648,1249904,1083664,1570736
1368,1640314420,32,68000,39,7,1631648,1268800,1099072,1595504
1369,1640314420,32,69000,39,7,1655648,1287696,1112104,1620912
1370,1640314420,32,70000,39,7,1679648,1306480,1127016,1643992
1371,1640314420,32,71000,39,7,1703648,1324752,1141808,1667280
1372,1640314420,32,72000,39,7,1727648,1343872,1156144,1689152
1373,1640314420,32,73000,39,7,1751648,1362272,1171512,1708560
1374,1640314420,32,74000,40,7,1775624,1381224,1187392,1732864
1375,1640314420,32,75000,40,7,1799624,1400072,1201008,1753624
1376,1640314420,32,76000,40,7,1823576,1418808,1215320,1777832
1377,1640314420,32,77000,40,7,1847576,1437320,1228912,1802432
1378,1640314420,32,78000,40,7,1871552,1455936,1243584,1821864
1379,1640314420,32,79000,40,7,1895528,1474504,1258896,1845384
1380,1640314420,32,80000,41,7,1919480,1493400,1273800,1866936
1381,1640314420,32,81000,41,7,1943480,1511816,1286608,1888600
1382,1640314420,32,82000,41,7,1967456,1530608,1300392,1912464
1383,1640314420,32,83000,41,7,1991456,1549328,1315688,1931280
1384,1640314420,32,84000,41,7,2015432,1568184,1332440,1951056
1385,1640314420,32,85000,41,7,2039432,1587320,1345912,1976024
1386,1640314420,32,86000,41,7,2063432,1605864,1360464,2000048
1387,1640314420,32,87000,41,7,2087432,1624440,1375400,2021512
1388,1640314420,32,88000,41,7,2111432,1643112,1388688,2041080
1389,1640314420,32,89000,41,7,2135432,1661624,1402464,2065864
1390,1640314420,32,90000,41,7,2159432,1680632,1415232,2091552
1391,1640314420,32,91000,41,7,2183384,1698888,1428040,2114944
1392,1640314420,32,92000,41,7,2207360,1717296,1438464,2142288
1393,1640314420,32,93000,41,7,2231336,1735752,1453240,2162456
1394,1640314420,32,94000,41,7,2255336,1754456,1467184,2186896
1395,1640314420,32,95000,41,7,2279336,1773176,1481048,2208792
1396,1640314420,32,96000,41,7,2303336,1791800,1494984,2229640
1397,1640314420,32,97000,41,7,2327288,1810344,1507696,2252368
1398,1640314420,32,98000,41,7,2351240,1828712,1520072,2274896
1399,1640314420,32,99000,41,7,2375240,1847224,1533880,2294864
